selection_rank	first_public_panel_n	genbank_assembly_accession	biosample_accession	ncbi_organism_name	ncbi_organism_taxid	bacselect_species_name	bacselect_species_taxid	assembly_name	submitter	assembly_release_date	panel_identity	selector	selector_version	architecture_schema_version	source_snapshot_sha256	taxonomy_snapshot_sha256	execution_git_commit	ncbi_assembly_url
1	10	GCA_000016065.1	SAMN00623064	Shewanella loihica PV-4	323850	Shewanella loihica	359303	ASM1606v1	US DOE Joint Genome Institute	2007-03-07	selector-v1-reference	OPS	1.0.0	1	b1b016891ae4e976d03606dfb2f35f74b03d21cf3ec82832f77f4d113bd622d5	005d1b674bb12719c003652c867486f83a5c860b4beb1016adf17f3c56c2d844	3ebce24ac4d1c620e9dde8c84f0c92fea9cc9e01	https://www.ncbi.nlm.nih.gov/assembly/GCA_000016065.1/
2	10	GCA_051132515.1	SAMN40496905	Borrelia puertoricensis	2756107	Borrelia puertoricensis	2756107	ASM5113251v1	Baylor College of Medicine	2025-06-28	selector-v1-reference	OPS	1.0.0	1	b1b016891ae4e976d03606dfb2f35f74b03d21cf3ec82832f77f4d113bd622d5	005d1b674bb12719c003652c867486f83a5c860b4beb1016adf17f3c56c2d844	3ebce24ac4d1c620e9dde8c84f0c92fea9cc9e01	https://www.ncbi.nlm.nih.gov/assembly/GCA_051132515.1/
3	10	GCA_030439285.2	SAMN10141384	[Borrelia] turdi	57863	[Borrelia] turdi	57863	ASM3043928v2	Institute for Genome Sciences	2025-02-28	selector-v1-reference	OPS	1.0.0	1	b1b016891ae4e976d03606dfb2f35f74b03d21cf3ec82832f77f4d113bd622d5	005d1b674bb12719c003652c867486f83a5c860b4beb1016adf17f3c56c2d844	3ebce24ac4d1c620e9dde8c84f0c92fea9cc9e01	https://www.ncbi.nlm.nih.gov/assembly/GCA_030439285.2/
4	10	GCA_049606955.1	SAMN47217765	Streptomyces dryopteridis	3403460	Streptomyces dryopteridis	3403460	ASM4960695v1	Hunan University of Science and Technology	2025-04-15	selector-v1-reference	OPS	1.0.0	1	b1b016891ae4e976d03606dfb2f35f74b03d21cf3ec82832f77f4d113bd622d5	005d1b674bb12719c003652c867486f83a5c860b4beb1016adf17f3c56c2d844	3ebce24ac4d1c620e9dde8c84f0c92fea9cc9e01	https://www.ncbi.nlm.nih.gov/assembly/GCA_049606955.1/
5	10	GCA_035974395.2	SAMN24016507	Streptomyces sp. NBC_01310	2903820	Streptomyces sp. NBC_01310	2903820	ASM3597439v2	Technical University of Denmark	2025-06-11	selector-v1-reference	OPS	1.0.0	1	b1b016891ae4e976d03606dfb2f35f74b03d21cf3ec82832f77f4d113bd622d5	005d1b674bb12719c003652c867486f83a5c860b4beb1016adf17f3c56c2d844	3ebce24ac4d1c620e9dde8c84f0c92fea9cc9e01	https://www.ncbi.nlm.nih.gov/assembly/GCA_035974395.2/
6	10	GCA_019453995.1	SAMN14391954	Candidatus Rhabdochlamydia oedothoracis	2720720	Candidatus Rhabdochlamydia oedothoracis	2720720	ASM1945399v1	Centre for Microbiology and Environmental Systems Science	2021-08-05	selector-v1-reference	OPS	1.0.0	1	b1b016891ae4e976d03606dfb2f35f74b03d21cf3ec82832f77f4d113bd622d5	005d1b674bb12719c003652c867486f83a5c860b4beb1016adf17f3c56c2d844	3ebce24ac4d1c620e9dde8c84f0c92fea9cc9e01	https://www.ncbi.nlm.nih.gov/assembly/GCA_019453995.1/
7	10	GCA_041346945.1	SAMN42835463	Amycolatopsis sp. cg9	3238801	Amycolatopsis sp. cg9	3238801	ASM4134694v1	hunankejidaxue	2024-08-19	selector-v1-reference	OPS	1.0.0	1	b1b016891ae4e976d03606dfb2f35f74b03d21cf3ec82832f77f4d113bd622d5	005d1b674bb12719c003652c867486f83a5c860b4beb1016adf17f3c56c2d844	3ebce24ac4d1c620e9dde8c84f0c92fea9cc9e01	https://www.ncbi.nlm.nih.gov/assembly/GCA_041346945.1/
8	10	GCA_047324105.1	SAMN45131998	Brucella ceti	120577	Brucella ceti	120577	ASM4732410v1	BioISI	2025-01-30	selector-v1-reference	OPS	1.0.0	1	b1b016891ae4e976d03606dfb2f35f74b03d21cf3ec82832f77f4d113bd622d5	005d1b674bb12719c003652c867486f83a5c860b4beb1016adf17f3c56c2d844	3ebce24ac4d1c620e9dde8c84f0c92fea9cc9e01	https://www.ncbi.nlm.nih.gov/assembly/GCA_047324105.1/
9	10	GCA_048541805.1	SAMN47099437	Caulobacter sp. ErkDOM-YI	3402779	Caulobacter sp. ErkDOM-YI	3402779	ASM4854180v1	Stockholm University	2025-03-11	selector-v1-reference	OPS	1.0.0	1	b1b016891ae4e976d03606dfb2f35f74b03d21cf3ec82832f77f4d113bd622d5	005d1b674bb12719c003652c867486f83a5c860b4beb1016adf17f3c56c2d844	3ebce24ac4d1c620e9dde8c84f0c92fea9cc9e01	https://www.ncbi.nlm.nih.gov/assembly/GCA_048541805.1/
10	10	GCA_964030795.1	SAMEA114450611	Spiroplasma endosymbiont of Nomada ruficornis	3066325	Spiroplasma endosymbiont of Nomada ruficornis	3066325	iyNomRufi2.Spiroplasma_sp_1.1	WELLCOME SANGER INSTITUTE	2024-04-19	selector-v1-reference	OPS	1.0.0	1	b1b016891ae4e976d03606dfb2f35f74b03d21cf3ec82832f77f4d113bd622d5	005d1b674bb12719c003652c867486f83a5c860b4beb1016adf17f3c56c2d844	3ebce24ac4d1c620e9dde8c84f0c92fea9cc9e01	https://www.ncbi.nlm.nih.gov/assembly/GCA_964030795.1/
11	20	GCA_964026585.1	SAMEA115290509	Candidatus Endowatersipora endosymbiont of Watersipora subatra	3077946	Candidatus Endowatersipora endosymbiont of Watersipora subatra	3077946	tzWatSuba1.Endowatersipora_sp_1.1	WELLCOME SANGER INSTITUTE	2024-04-13	selector-v1-reference	OPS	1.0.0	1	b1b016891ae4e976d03606dfb2f35f74b03d21cf3ec82832f77f4d113bd622d5	005d1b674bb12719c003652c867486f83a5c860b4beb1016adf17f3c56c2d844	3ebce24ac4d1c620e9dde8c84f0c92fea9cc9e01	https://www.ncbi.nlm.nih.gov/assembly/GCA_964026585.1/
12	20	GCA_004296475.1	SAMD00080336	endosymbiont of Sipalinus gigas	1972134	endosymbiont of Sipalinus gigas	1972134	ASM429647v1	The Open University of Japan	2017-10-21	selector-v1-reference	OPS	1.0.0	1	b1b016891ae4e976d03606dfb2f35f74b03d21cf3ec82832f77f4d113bd622d5	005d1b674bb12719c003652c867486f83a5c860b4beb1016adf17f3c56c2d844	3ebce24ac4d1c620e9dde8c84f0c92fea9cc9e01	https://www.ncbi.nlm.nih.gov/assembly/GCA_004296475.1/
13	20	GCA_008274905.1	SAMN09370087	Bacillus sp. JAS24-2	2217832	Bacillus sp. JAS24-2	2217832	ASM827490v1	University of Bialystok	2019-09-05	selector-v1-reference	OPS	1.0.0	1	b1b016891ae4e976d03606dfb2f35f74b03d21cf3ec82832f77f4d113bd622d5	005d1b674bb12719c003652c867486f83a5c860b4beb1016adf17f3c56c2d844	3ebce24ac4d1c620e9dde8c84f0c92fea9cc9e01	https://www.ncbi.nlm.nih.gov/assembly/GCA_008274905.1/
14	20	GCA_044865155.1	SAMN44600985	Azospirillum doebereinerae	92933	Azospirillum doebereinerae	92933	ASM4486515v1	Winogradsky Institute of Microbiology	2024-11-13	selector-v1-reference	OPS	1.0.0	1	b1b016891ae4e976d03606dfb2f35f74b03d21cf3ec82832f77f4d113bd622d5	005d1b674bb12719c003652c867486f83a5c860b4beb1016adf17f3c56c2d844	3ebce24ac4d1c620e9dde8c84f0c92fea9cc9e01	https://www.ncbi.nlm.nih.gov/assembly/GCA_044865155.1/
15	20	GCA_017797885.1	SAMN18395631	Brucella sp. 458	2821140	Brucella sp. 458	2821140	ASM1779788v1	Queensland Health Forensic and Scientific Services	2021-04-06	selector-v1-reference	OPS	1.0.0	1	b1b016891ae4e976d03606dfb2f35f74b03d21cf3ec82832f77f4d113bd622d5	005d1b674bb12719c003652c867486f83a5c860b4beb1016adf17f3c56c2d844	3ebce24ac4d1c620e9dde8c84f0c92fea9cc9e01	https://www.ncbi.nlm.nih.gov/assembly/GCA_017797885.1/
16	20	GCA_045206375.1	SAMN30553104	Streptomyces sp. NBC_00499	2975761	Streptomyces sp. NBC_00499	2975761	ASM4520637v1	Technical University of Denmark	2024-01-24	selector-v1-reference	OPS	1.0.0	1	b1b016891ae4e976d03606dfb2f35f74b03d21cf3ec82832f77f4d113bd622d5	005d1b674bb12719c003652c867486f83a5c860b4beb1016adf17f3c56c2d844	3ebce24ac4d1c620e9dde8c84f0c92fea9cc9e01	https://www.ncbi.nlm.nih.gov/assembly/GCA_045206375.1/
17	20	GCA_018336915.1	SAMN15662376	Acaryochloris marina S15	2762553	Acaryochloris marina	155978	ASM1833691v1	University of Montana	2021-05-11	selector-v1-reference	OPS	1.0.0	1	b1b016891ae4e976d03606dfb2f35f74b03d21cf3ec82832f77f4d113bd622d5	005d1b674bb12719c003652c867486f83a5c860b4beb1016adf17f3c56c2d844	3ebce24ac4d1c620e9dde8c84f0c92fea9cc9e01	https://www.ncbi.nlm.nih.gov/assembly/GCA_018336915.1/
18	20	GCA_020149975.1	SAMN21211841	Bacillus sp. CRB-7	2874284	Bacillus sp. CRB-7	2874284	ASM2014997v1	Southwest Jiaotong University	2021-09-26	selector-v1-reference	OPS	1.0.0	1	b1b016891ae4e976d03606dfb2f35f74b03d21cf3ec82832f77f4d113bd622d5	005d1b674bb12719c003652c867486f83a5c860b4beb1016adf17f3c56c2d844	3ebce24ac4d1c620e9dde8c84f0c92fea9cc9e01	https://www.ncbi.nlm.nih.gov/assembly/GCA_020149975.1/
19	20	GCA_030718845.1	SAMN36843426	Mycoplasma seminis	512749	Mycoplasma seminis	512749	ASM3071884v1	Institute of Microbiology	2023-08-14	selector-v1-reference	OPS	1.0.0	1	b1b016891ae4e976d03606dfb2f35f74b03d21cf3ec82832f77f4d113bd622d5	005d1b674bb12719c003652c867486f83a5c860b4beb1016adf17f3c56c2d844	3ebce24ac4d1c620e9dde8c84f0c92fea9cc9e01	https://www.ncbi.nlm.nih.gov/assembly/GCA_030718845.1/
20	20	GCA_014784575.1	SAMN16177309	Ochrobactrum sp. MT180101	2726427	Ochrobactrum sp. MT180101	2726427	ASM1478457v1	Sun Yat-sen University	2020-09-29	selector-v1-reference	OPS	1.0.0	1	b1b016891ae4e976d03606dfb2f35f74b03d21cf3ec82832f77f4d113bd622d5	005d1b674bb12719c003652c867486f83a5c860b4beb1016adf17f3c56c2d844	3ebce24ac4d1c620e9dde8c84f0c92fea9cc9e01	https://www.ncbi.nlm.nih.gov/assembly/GCA_014784575.1/
21	50	GCA_000013705.1	SAMN02598256	Methylobacillus flagellatus KT	265072	Methylobacillus flagellatus	405	ASM1370v1	DOE Joint Genome Institute	2006-04-10	selector-v1-reference	OPS	1.0.0	1	b1b016891ae4e976d03606dfb2f35f74b03d21cf3ec82832f77f4d113bd622d5	005d1b674bb12719c003652c867486f83a5c860b4beb1016adf17f3c56c2d844	3ebce24ac4d1c620e9dde8c84f0c92fea9cc9e01	https://www.ncbi.nlm.nih.gov/assembly/GCA_000013705.1/
22	50	GCA_018128905.1	SAMN16534088	Streptomyces sp. A2-16	2781734	Streptomyces sp. A2-16	2781734	ASM1812890v1	Chongqing University	2021-04-22	selector-v1-reference	OPS	1.0.0	1	b1b016891ae4e976d03606dfb2f35f74b03d21cf3ec82832f77f4d113bd622d5	005d1b674bb12719c003652c867486f83a5c860b4beb1016adf17f3c56c2d844	3ebce24ac4d1c620e9dde8c84f0c92fea9cc9e01	https://www.ncbi.nlm.nih.gov/assembly/GCA_018128905.1/
23	50	GCA_046717785.1	SAMN45893584	Corynebacterium sp. LaCa116	3391423	Corynebacterium sp. LaCa116	3391423	LaCa116_v1	Bielefeld University	2025-01-15	selector-v1-reference	OPS	1.0.0	1	b1b016891ae4e976d03606dfb2f35f74b03d21cf3ec82832f77f4d113bd622d5	005d1b674bb12719c003652c867486f83a5c860b4beb1016adf17f3c56c2d844	3ebce24ac4d1c620e9dde8c84f0c92fea9cc9e01	https://www.ncbi.nlm.nih.gov/assembly/GCA_046717785.1/
24	50	GCA_000715355.2	SAMN02691830	Georgenia sp. SUBG003	1497974	Georgenia sp. SUBG003	1497974	Georgenia_SUBG003_SC	SaurashtraUniversity	2025-03-05	selector-v1-reference	OPS	1.0.0	1	b1b016891ae4e976d03606dfb2f35f74b03d21cf3ec82832f77f4d113bd622d5	005d1b674bb12719c003652c867486f83a5c860b4beb1016adf17f3c56c2d844	3ebce24ac4d1c620e9dde8c84f0c92fea9cc9e01	https://www.ncbi.nlm.nih.gov/assembly/GCA_000715355.2/
25	50	GCA_046250205.1	SAMN45099399	Vibrio sp. BS-M-Sm-2	3241167	Vibrio sp. BS-M-Sm-2	3241167	ASM4625020v1	Chung-Ang university	2024-12-23	selector-v1-reference	OPS	1.0.0	1	b1b016891ae4e976d03606dfb2f35f74b03d21cf3ec82832f77f4d113bd622d5	005d1b674bb12719c003652c867486f83a5c860b4beb1016adf17f3c56c2d844	3ebce24ac4d1c620e9dde8c84f0c92fea9cc9e01	https://www.ncbi.nlm.nih.gov/assembly/GCA_046250205.1/
26	50	GCA_011038645.2	SAMN14086271	Corynebacterium qintianiae	2709392	Corynebacterium qintianiae	2709392	ASM1103864v2	Chinese Center for Disease Control and Prevention	2020-12-04	selector-v1-reference	OPS	1.0.0	1	b1b016891ae4e976d03606dfb2f35f74b03d21cf3ec82832f77f4d113bd622d5	005d1b674bb12719c003652c867486f83a5c860b4beb1016adf17f3c56c2d844	3ebce24ac4d1c620e9dde8c84f0c92fea9cc9e01	https://www.ncbi.nlm.nih.gov/assembly/GCA_011038645.2/
27	50	GCA_000143085.1	SAMN02598531	Nitrosococcus watsonii C-113	105559	Nitrosococcus watsonii	473531	ASM14308v1	US DOE Joint Genome Institute	2010-06-25	selector-v1-reference	OPS	1.0.0	1	b1b016891ae4e976d03606dfb2f35f74b03d21cf3ec82832f77f4d113bd622d5	005d1b674bb12719c003652c867486f83a5c860b4beb1016adf17f3c56c2d844	3ebce24ac4d1c620e9dde8c84f0c92fea9cc9e01	https://www.ncbi.nlm.nih.gov/assembly/GCA_000143085.1/
28	50	GCA_020843965.1	SAMN22635686	Burkholderia sp. B21-005	2890406	Burkholderia sp. B21-005	2890406	ASM2084396v1	Agriculture and Agri-food Canada	2021-11-12	selector-v1-reference	OPS	1.0.0	1	b1b016891ae4e976d03606dfb2f35f74b03d21cf3ec82832f77f4d113bd622d5	005d1b674bb12719c003652c867486f83a5c860b4beb1016adf17f3c56c2d844	3ebce24ac4d1c620e9dde8c84f0c92fea9cc9e01	https://www.ncbi.nlm.nih.gov/assembly/GCA_020843965.1/
29	50	GCA_023169945.1	SAMD00443502	Anaeromyxobacter oryzae	2918170	Anaeromyxobacter oryzae	2918170	ASM2316994v1	National Institute of Advanced Industrial Science and Technology	2022-02-24	selector-v1-reference	OPS	1.0.0	1	b1b016891ae4e976d03606dfb2f35f74b03d21cf3ec82832f77f4d113bd622d5	005d1b674bb12719c003652c867486f83a5c860b4beb1016adf17f3c56c2d844	3ebce24ac4d1c620e9dde8c84f0c92fea9cc9e01	https://www.ncbi.nlm.nih.gov/assembly/GCA_023169945.1/
30	50	GCA_001887265.1	SAMN06016468	Chelatococcus daeguensis	444444	Chelatococcus daeguensis	444444	ASM188726v1	Fujian Agriculture and Forestry University	2016-11-29	selector-v1-reference	OPS	1.0.0	1	b1b016891ae4e976d03606dfb2f35f74b03d21cf3ec82832f77f4d113bd622d5	005d1b674bb12719c003652c867486f83a5c860b4beb1016adf17f3c56c2d844	3ebce24ac4d1c620e9dde8c84f0c92fea9cc9e01	https://www.ncbi.nlm.nih.gov/assembly/GCA_001887265.1/
31	50	GCA_947251695.1	SAMEA111432267	Wolbachia endosymbiont (group A) of Ectemnius continuus	2954002	Wolbachia endosymbiont (group A) of Ectemnius continuus	2954002	iyEctCont1.Wolbachia_sp_1.1	WELLCOME SANGER INSTITUTE	2022-11-04	selector-v1-reference	OPS	1.0.0	1	b1b016891ae4e976d03606dfb2f35f74b03d21cf3ec82832f77f4d113bd622d5	005d1b674bb12719c003652c867486f83a5c860b4beb1016adf17f3c56c2d844	3ebce24ac4d1c620e9dde8c84f0c92fea9cc9e01	https://www.ncbi.nlm.nih.gov/assembly/GCA_947251695.1/
32	50	GCA_004634385.1	SAMN11080974	Thermaerobacter sp. FW80	2546351	Thermaerobacter sp. FW80	2546351	ASM463438v1	Chungbuk national university	2019-04-04	selector-v1-reference	OPS	1.0.0	1	b1b016891ae4e976d03606dfb2f35f74b03d21cf3ec82832f77f4d113bd622d5	005d1b674bb12719c003652c867486f83a5c860b4beb1016adf17f3c56c2d844	3ebce24ac4d1c620e9dde8c84f0c92fea9cc9e01	https://www.ncbi.nlm.nih.gov/assembly/GCA_004634385.1/
33	50	GCA_022095675.2	SAMN20369863	Dactylosporangium sp. AC04546	2862460	Dactylosporangium sp. AC04546	2862460	ASM2209567v2	Sarawak BIodiversity Centre	2024-02-01	selector-v1-reference	OPS	1.0.0	1	b1b016891ae4e976d03606dfb2f35f74b03d21cf3ec82832f77f4d113bd622d5	005d1b674bb12719c003652c867486f83a5c860b4beb1016adf17f3c56c2d844	3ebce24ac4d1c620e9dde8c84f0c92fea9cc9e01	https://www.ncbi.nlm.nih.gov/assembly/GCA_022095675.2/
34	50	GCA_020990385.1	SAMN23169897	Paracoccus sp. MA	2895796	Paracoccus sp. MA	2895796	ASM2099038v1	Chinese Academy of Science	2021-11-27	selector-v1-reference	OPS	1.0.0	1	b1b016891ae4e976d03606dfb2f35f74b03d21cf3ec82832f77f4d113bd622d5	005d1b674bb12719c003652c867486f83a5c860b4beb1016adf17f3c56c2d844	3ebce24ac4d1c620e9dde8c84f0c92fea9cc9e01	https://www.ncbi.nlm.nih.gov/assembly/GCA_020990385.1/
35	50	GCA_002761215.1	SAMN05914505	Candidatus Gracilibacteria bacterium HOT-871	1540872	Candidatus Gracilibacteria bacterium HOT-871	1540872	ASM276121v1	Oak Ridge National Laboratory	2017-11-07	selector-v1-reference	OPS	1.0.0	1	b1b016891ae4e976d03606dfb2f35f74b03d21cf3ec82832f77f4d113bd622d5	005d1b674bb12719c003652c867486f83a5c860b4beb1016adf17f3c56c2d844	3ebce24ac4d1c620e9dde8c84f0c92fea9cc9e01	https://www.ncbi.nlm.nih.gov/assembly/GCA_002761215.1/
36	50	GCA_050571355.1	SAMN48509149	Streptomyces sp. P13-3-3	3423222	Streptomyces sp. P13-3-3	3423222	ASM5057135v1	Shanxi Agricultural University	2025-05-26	selector-v1-reference	OPS	1.0.0	1	b1b016891ae4e976d03606dfb2f35f74b03d21cf3ec82832f77f4d113bd622d5	005d1b674bb12719c003652c867486f83a5c860b4beb1016adf17f3c56c2d844	3ebce24ac4d1c620e9dde8c84f0c92fea9cc9e01	https://www.ncbi.nlm.nih.gov/assembly/GCA_050571355.1/
37	50	GCA_024205945.1	SAMN18897987	Macrococcus equipercicus	69967	Macrococcus equipercicus	69967	ASM2420594v1	University of Bern	2022-07-11	selector-v1-reference	OPS	1.0.0	1	b1b016891ae4e976d03606dfb2f35f74b03d21cf3ec82832f77f4d113bd622d5	005d1b674bb12719c003652c867486f83a5c860b4beb1016adf17f3c56c2d844	3ebce24ac4d1c620e9dde8c84f0c92fea9cc9e01	https://www.ncbi.nlm.nih.gov/assembly/GCA_024205945.1/
38	50	GCA_001302585.1	SAMN03840758	Kibdelosporangium phytohabitans	860235	Kibdelosporangium phytohabitans	860235	ASM130258v1	Jiangsu Normal University	2015-09-29	selector-v1-reference	OPS	1.0.0	1	b1b016891ae4e976d03606dfb2f35f74b03d21cf3ec82832f77f4d113bd622d5	005d1b674bb12719c003652c867486f83a5c860b4beb1016adf17f3c56c2d844	3ebce24ac4d1c620e9dde8c84f0c92fea9cc9e01	https://www.ncbi.nlm.nih.gov/assembly/GCA_001302585.1/
39	50	GCA_030322965.1	SAMN27683578	Thermosynechococcus sp. B0	2937284	Thermosynechococcus sp. B0	2937284	ASM3032296v1	Academia Sinica	2023-06-22	selector-v1-reference	OPS	1.0.0	1	b1b016891ae4e976d03606dfb2f35f74b03d21cf3ec82832f77f4d113bd622d5	005d1b674bb12719c003652c867486f83a5c860b4beb1016adf17f3c56c2d844	3ebce24ac4d1c620e9dde8c84f0c92fea9cc9e01	https://www.ncbi.nlm.nih.gov/assembly/GCA_030322965.1/
40	50	GCA_020091585.1	SAMN21366140	Kovacikia minuta CCNUW1	2653194	Kovacikia minuta	2931930	ASM2009158v1	Central China Normal University	2021-09-22	selector-v1-reference	OPS	1.0.0	1	b1b016891ae4e976d03606dfb2f35f74b03d21cf3ec82832f77f4d113bd622d5	005d1b674bb12719c003652c867486f83a5c860b4beb1016adf17f3c56c2d844	3ebce24ac4d1c620e9dde8c84f0c92fea9cc9e01	https://www.ncbi.nlm.nih.gov/assembly/GCA_020091585.1/
41	50	GCA_000317555.1	SAMN02261347	Gloeocapsa sp. PCC 7428	1173026	Gloeocapsa sp. PCC 7428	1173026	ASM31755v1	JGI	2012-12-06	selector-v1-reference	OPS	1.0.0	1	b1b016891ae4e976d03606dfb2f35f74b03d21cf3ec82832f77f4d113bd622d5	005d1b674bb12719c003652c867486f83a5c860b4beb1016adf17f3c56c2d844	3ebce24ac4d1c620e9dde8c84f0c92fea9cc9e01	https://www.ncbi.nlm.nih.gov/assembly/GCA_000317555.1/
42	50	GCA_018326145.1	SAMD00237929	Mycolicibacterium sp. TY66	2755560	Mycolicibacterium sp. TY66	2755560	ASM1832614v1	Department of Infection Metagenomics	2021-04-02	selector-v1-reference	OPS	1.0.0	1	b1b016891ae4e976d03606dfb2f35f74b03d21cf3ec82832f77f4d113bd622d5	005d1b674bb12719c003652c867486f83a5c860b4beb1016adf17f3c56c2d844	3ebce24ac4d1c620e9dde8c84f0c92fea9cc9e01	https://www.ncbi.nlm.nih.gov/assembly/GCA_018326145.1/
43	50	GCA_043950205.1	SAMN44114743	Kitasatospora hibisci	3369522	Kitasatospora hibisci	3369522	ASM4395020v1	Hainan University	2024-10-23	selector-v1-reference	OPS	1.0.0	1	b1b016891ae4e976d03606dfb2f35f74b03d21cf3ec82832f77f4d113bd622d5	005d1b674bb12719c003652c867486f83a5c860b4beb1016adf17f3c56c2d844	3ebce24ac4d1c620e9dde8c84f0c92fea9cc9e01	https://www.ncbi.nlm.nih.gov/assembly/GCA_043950205.1/
44	50	GCA_003515045.1	SAMN09781058	Prevotella denticola	28129	Prevotella denticola	28129	ASM351504v1	Korean Collection for Oral Microbiology	2018-09-09	selector-v1-reference	OPS	1.0.0	1	b1b016891ae4e976d03606dfb2f35f74b03d21cf3ec82832f77f4d113bd622d5	005d1b674bb12719c003652c867486f83a5c860b4beb1016adf17f3c56c2d844	3ebce24ac4d1c620e9dde8c84f0c92fea9cc9e01	https://www.ncbi.nlm.nih.gov/assembly/GCA_003515045.1/
45	50	GCA_050632245.1	SAMN48544551	Puia sp. P3	3423952	Puia sp. P3	3423952	ASM5063224v1	The University of Sydney	2025-06-01	selector-v1-reference	OPS	1.0.0	1	b1b016891ae4e976d03606dfb2f35f74b03d21cf3ec82832f77f4d113bd622d5	005d1b674bb12719c003652c867486f83a5c860b4beb1016adf17f3c56c2d844	3ebce24ac4d1c620e9dde8c84f0c92fea9cc9e01	https://www.ncbi.nlm.nih.gov/assembly/GCA_050632245.1/
46	50	GCA_023206395.1	SAMN16631324	Vibrio sp. ED004	2785124	Vibrio sp. ED004	2785124	ASM2320639v1	Flinders Institute	2022-05-02	selector-v1-reference	OPS	1.0.0	1	b1b016891ae4e976d03606dfb2f35f74b03d21cf3ec82832f77f4d113bd622d5	005d1b674bb12719c003652c867486f83a5c860b4beb1016adf17f3c56c2d844	3ebce24ac4d1c620e9dde8c84f0c92fea9cc9e01	https://www.ncbi.nlm.nih.gov/assembly/GCA_023206395.1/
47	50	GCA_003606285.1	SAMN08918700	Borrelia turcica IST7	1104446	Borrelia turcica	229155	ASM360628v1	Bavarian Health and Food Safety Authority	2018-10-01	selector-v1-reference	OPS	1.0.0	1	b1b016891ae4e976d03606dfb2f35f74b03d21cf3ec82832f77f4d113bd622d5	005d1b674bb12719c003652c867486f83a5c860b4beb1016adf17f3c56c2d844	3ebce24ac4d1c620e9dde8c84f0c92fea9cc9e01	https://www.ncbi.nlm.nih.gov/assembly/GCA_003606285.1/
48	50	GCA_042180575.1	SAMN43753236	Bernardetia aquimarina	3344876	Bernardetia aquimarina	3344876	ASM4218057v1	Ocean University of China	2024-09-24	selector-v1-reference	OPS	1.0.0	1	b1b016891ae4e976d03606dfb2f35f74b03d21cf3ec82832f77f4d113bd622d5	005d1b674bb12719c003652c867486f83a5c860b4beb1016adf17f3c56c2d844	3ebce24ac4d1c620e9dde8c84f0c92fea9cc9e01	https://www.ncbi.nlm.nih.gov/assembly/GCA_042180575.1/
49	50	GCA_030439775.2	SAMN10141355	Borreliella bissettiae	64897	Borreliella bissettiae	64897	ASM3043977v2	Institute for Genome Sciences	2025-02-14	selector-v1-reference	OPS	1.0.0	1	b1b016891ae4e976d03606dfb2f35f74b03d21cf3ec82832f77f4d113bd622d5	005d1b674bb12719c003652c867486f83a5c860b4beb1016adf17f3c56c2d844	3ebce24ac4d1c620e9dde8c84f0c92fea9cc9e01	https://www.ncbi.nlm.nih.gov/assembly/GCA_030439775.2/
50	50	GCA_029714205.1	SAMN34043461	Methylobacterium sp. CB376	3138063	Methylobacterium sp. CB376	3138063	ASM2971420v1	Murdoch University	2023-04-13	selector-v1-reference	OPS	1.0.0	1	b1b016891ae4e976d03606dfb2f35f74b03d21cf3ec82832f77f4d113bd622d5	005d1b674bb12719c003652c867486f83a5c860b4beb1016adf17f3c56c2d844	3ebce24ac4d1c620e9dde8c84f0c92fea9cc9e01	https://www.ncbi.nlm.nih.gov/assembly/GCA_029714205.1/
51	100	GCA_045865405.1	SAMD00751203	Paenibacillus melissococcoides	2912268	Paenibacillus melissococcoides	2912268	ASM4586540v1	National Institute of Animal Health, National Agriculture and Food Research Organization	2024-09-04	selector-v1-reference	OPS	1.0.0	1	b1b016891ae4e976d03606dfb2f35f74b03d21cf3ec82832f77f4d113bd622d5	005d1b674bb12719c003652c867486f83a5c860b4beb1016adf17f3c56c2d844	3ebce24ac4d1c620e9dde8c84f0c92fea9cc9e01	https://www.ncbi.nlm.nih.gov/assembly/GCA_045865405.1/
52	100	GCA_000577895.1	SAMEA3138942	Clostridium bornimense	1216932	Clostridium bornimense	1216932	M2/40	CEBITEC	2014-02-11	selector-v1-reference	OPS	1.0.0	1	b1b016891ae4e976d03606dfb2f35f74b03d21cf3ec82832f77f4d113bd622d5	005d1b674bb12719c003652c867486f83a5c860b4beb1016adf17f3c56c2d844	3ebce24ac4d1c620e9dde8c84f0c92fea9cc9e01	https://www.ncbi.nlm.nih.gov/assembly/GCA_000577895.1/
53	100	GCA_050320165.1	SAMN48276333	Streptomyces sp. cg40	3419764	Streptomyces sp. cg40	3419764	ASM5032016v1	Hunan University of Science and Technology	2025-05-12	selector-v1-reference	OPS	1.0.0	1	b1b016891ae4e976d03606dfb2f35f74b03d21cf3ec82832f77f4d113bd622d5	005d1b674bb12719c003652c867486f83a5c860b4beb1016adf17f3c56c2d844	3ebce24ac4d1c620e9dde8c84f0c92fea9cc9e01	https://www.ncbi.nlm.nih.gov/assembly/GCA_050320165.1/
54	100	GCA_030540775.2	SAMN36549765	Flavivirga abyssicola	3063533	Flavivirga abyssicola	3063533	ASM3054077v2	Korea Institute of Ocean Science & Technology	2024-02-02	selector-v1-reference	OPS	1.0.0	1	b1b016891ae4e976d03606dfb2f35f74b03d21cf3ec82832f77f4d113bd622d5	005d1b674bb12719c003652c867486f83a5c860b4beb1016adf17f3c56c2d844	3ebce24ac4d1c620e9dde8c84f0c92fea9cc9e01	https://www.ncbi.nlm.nih.gov/assembly/GCA_030540775.2/
55	100	GCA_023380225.1	SAMN26370967	Apilactobacillus apisilvae	2923364	Apilactobacillus apisilvae	2923364	ASM2338022v1	The University of Adelaide	2022-05-17	selector-v1-reference	OPS	1.0.0	1	b1b016891ae4e976d03606dfb2f35f74b03d21cf3ec82832f77f4d113bd622d5	005d1b674bb12719c003652c867486f83a5c860b4beb1016adf17f3c56c2d844	3ebce24ac4d1c620e9dde8c84f0c92fea9cc9e01	https://www.ncbi.nlm.nih.gov/assembly/GCA_023380225.1/
56	100	GCA_039621805.1	SAMN41025038	Paraburkholderia sp. PREW-6R	3141544	Paraburkholderia sp. PREW-6R	3141544	ASM3962180v1	National Institute of Agricultural Sciences, Rural Development Administration	2024-05-13	selector-v1-reference	OPS	1.0.0	1	b1b016891ae4e976d03606dfb2f35f74b03d21cf3ec82832f77f4d113bd622d5	005d1b674bb12719c003652c867486f83a5c860b4beb1016adf17f3c56c2d844	3ebce24ac4d1c620e9dde8c84f0c92fea9cc9e01	https://www.ncbi.nlm.nih.gov/assembly/GCA_039621805.1/
57	100	GCA_045345765.1	SAMN40504883	Peptostreptococcaceae bacterium AGR-M142	3133363	Peptostreptococcaceae bacterium AGR-M142	3133363	ASM4534576v1	Korea Research Institute of Bioscience and Biotechnology	2024-03-25	selector-v1-reference	OPS	1.0.0	1	b1b016891ae4e976d03606dfb2f35f74b03d21cf3ec82832f77f4d113bd622d5	005d1b674bb12719c003652c867486f83a5c860b4beb1016adf17f3c56c2d844	3ebce24ac4d1c620e9dde8c84f0c92fea9cc9e01	https://www.ncbi.nlm.nih.gov/assembly/GCA_045345765.1/
58	100	GCA_001553625.1	SAMN04435861	Desulfomicrobium orale DSM 12838	888061	Desulfomicrobium orale	132132	ASM155362v1	The Forsyth Institute	2016-02-09	selector-v1-reference	OPS	1.0.0	1	b1b016891ae4e976d03606dfb2f35f74b03d21cf3ec82832f77f4d113bd622d5	005d1b674bb12719c003652c867486f83a5c860b4beb1016adf17f3c56c2d844	3ebce24ac4d1c620e9dde8c84f0c92fea9cc9e01	https://www.ncbi.nlm.nih.gov/assembly/GCA_001553625.1/
59	100	GCA_004015185.1	SAMN08328878	Clostridium manihotivorum	2320868	Clostridium manihotivorum	2320868	ASM401518v1	King Mongkut's University of Technology Thonburi	2019-01-14	selector-v1-reference	OPS	1.0.0	1	b1b016891ae4e976d03606dfb2f35f74b03d21cf3ec82832f77f4d113bd622d5	005d1b674bb12719c003652c867486f83a5c860b4beb1016adf17f3c56c2d844	3ebce24ac4d1c620e9dde8c84f0c92fea9cc9e01	https://www.ncbi.nlm.nih.gov/assembly/GCA_004015185.1/
60	100	GCA_001685415.1	SAMN04578256	Serinicoccus hydrothermalis	1758689	Serinicoccus hydrothermalis	1758689	ASM168541v1	MEL	2016-07-15	selector-v1-reference	OPS	1.0.0	1	b1b016891ae4e976d03606dfb2f35f74b03d21cf3ec82832f77f4d113bd622d5	005d1b674bb12719c003652c867486f83a5c860b4beb1016adf17f3c56c2d844	3ebce24ac4d1c620e9dde8c84f0c92fea9cc9e01	https://www.ncbi.nlm.nih.gov/assembly/GCA_001685415.1/
61	100	GCA_005222125.1	SAMN08579952	Spiroplasma melliferum	2134	Spiroplasma melliferum	2134	ASM522212v1	Beltsville Agricultural Research Center	2019-05-07	selector-v1-reference	OPS	1.0.0	1	b1b016891ae4e976d03606dfb2f35f74b03d21cf3ec82832f77f4d113bd622d5	005d1b674bb12719c003652c867486f83a5c860b4beb1016adf17f3c56c2d844	3ebce24ac4d1c620e9dde8c84f0c92fea9cc9e01	https://www.ncbi.nlm.nih.gov/assembly/GCA_005222125.1/
62	100	GCA_000055945.1	SAMEA3138257	Lawsonia intracellularis PHE/MN1-00	363253	Lawsonia intracellularis	29546	ASM5594v1	Univ. Minnesota	2006-05-05	selector-v1-reference	OPS	1.0.0	1	b1b016891ae4e976d03606dfb2f35f74b03d21cf3ec82832f77f4d113bd622d5	005d1b674bb12719c003652c867486f83a5c860b4beb1016adf17f3c56c2d844	3ebce24ac4d1c620e9dde8c84f0c92fea9cc9e01	https://www.ncbi.nlm.nih.gov/assembly/GCA_000055945.1/
63	100	GCA_007971225.1	SAMN12429834	Panacibacter ginsenosidivorans	1813871	Panacibacter ginsenosidivorans	1813871	ASM797122v1	Hankyong National University	2019-08-12	selector-v1-reference	OPS	1.0.0	1	b1b016891ae4e976d03606dfb2f35f74b03d21cf3ec82832f77f4d113bd622d5	005d1b674bb12719c003652c867486f83a5c860b4beb1016adf17f3c56c2d844	3ebce24ac4d1c620e9dde8c84f0c92fea9cc9e01	https://www.ncbi.nlm.nih.gov/assembly/GCA_007971225.1/
64	100	GCA_018141445.1	SAMN14689427	Vallitalea pronyensis	1348613	Vallitalea pronyensis	1348613	ASM1814144v1	Mediterranean Institute of Oceanography (MIO), UMR 7294	2021-04-27	selector-v1-reference	OPS	1.0.0	1	b1b016891ae4e976d03606dfb2f35f74b03d21cf3ec82832f77f4d113bd622d5	005d1b674bb12719c003652c867486f83a5c860b4beb1016adf17f3c56c2d844	3ebce24ac4d1c620e9dde8c84f0c92fea9cc9e01	https://www.ncbi.nlm.nih.gov/assembly/GCA_018141445.1/
65	100	GCA_030719215.1	SAMN33694647	Streptomyces glycanivorans	3033808	Streptomyces glycanivorans	3033808	ASM3071921v1	DNASense ApS	2023-08-14	selector-v1-reference	OPS	1.0.0	1	b1b016891ae4e976d03606dfb2f35f74b03d21cf3ec82832f77f4d113bd622d5	005d1b674bb12719c003652c867486f83a5c860b4beb1016adf17f3c56c2d844	3ebce24ac4d1c620e9dde8c84f0c92fea9cc9e01	https://www.ncbi.nlm.nih.gov/assembly/GCA_030719215.1/
66	100	GCA_051858855.1	SAMN49777203	Saccharothrix sp. HUAS TT10	3447450	Saccharothrix sp. HUAS TT10	3447450	ASM5185885v1	Hunan University of Arts and Science	2025-08-07	selector-v1-reference	OPS	1.0.0	1	b1b016891ae4e976d03606dfb2f35f74b03d21cf3ec82832f77f4d113bd622d5	005d1b674bb12719c003652c867486f83a5c860b4beb1016adf17f3c56c2d844	3ebce24ac4d1c620e9dde8c84f0c92fea9cc9e01	https://www.ncbi.nlm.nih.gov/assembly/GCA_051858855.1/
67	100	GCA_030408615.1	SAMN13404512	Corynebacterium bovis DSM 20582 = CIP 54.80	927655	Corynebacterium bovis	36808	ASM3040861v1	Bielefeld University	2023-07-05	selector-v1-reference	OPS	1.0.0	1	b1b016891ae4e976d03606dfb2f35f74b03d21cf3ec82832f77f4d113bd622d5	005d1b674bb12719c003652c867486f83a5c860b4beb1016adf17f3c56c2d844	3ebce24ac4d1c620e9dde8c84f0c92fea9cc9e01	https://www.ncbi.nlm.nih.gov/assembly/GCA_030408615.1/
68	100	GCA_039852015.1	SAMN41378188	Robbsia sp. KACC 23696	3149231	Robbsia sp. KACC 23696	3149231	ASM3985201v1	National Institute of Agricultural Sciences, Rural Development Administration	2024-05-26	selector-v1-reference	OPS	1.0.0	1	b1b016891ae4e976d03606dfb2f35f74b03d21cf3ec82832f77f4d113bd622d5	005d1b674bb12719c003652c867486f83a5c860b4beb1016adf17f3c56c2d844	3ebce24ac4d1c620e9dde8c84f0c92fea9cc9e01	https://www.ncbi.nlm.nih.gov/assembly/GCA_039852015.1/
69	100	GCA_046042685.1	SAMN09213754	Pseudomonas sp. PLMAX	2201998	Pseudomonas sp. PLMAX	2201998	PLMAX.2	UFSC	2024-12-12	selector-v1-reference	OPS	1.0.0	1	b1b016891ae4e976d03606dfb2f35f74b03d21cf3ec82832f77f4d113bd622d5	005d1b674bb12719c003652c867486f83a5c860b4beb1016adf17f3c56c2d844	3ebce24ac4d1c620e9dde8c84f0c92fea9cc9e01	https://www.ncbi.nlm.nih.gov/assembly/GCA_046042685.1/
70	100	GCA_018304685.1	SAMN18499029	Chloracidobacterium sp. D	2821536	Chloracidobacterium sp. D	2821536	ASM1830468v1	Tokyo Metropolitan University	2021-05-07	selector-v1-reference	OPS	1.0.0	1	b1b016891ae4e976d03606dfb2f35f74b03d21cf3ec82832f77f4d113bd622d5	005d1b674bb12719c003652c867486f83a5c860b4beb1016adf17f3c56c2d844	3ebce24ac4d1c620e9dde8c84f0c92fea9cc9e01	https://www.ncbi.nlm.nih.gov/assembly/GCA_018304685.1/
71	100	GCA_009684715.1	SAMN04539465	Otariodibacter oris	1032623	Otariodibacter oris	1032623	ASM968471v1	University of Copenhagen	2019-11-21	selector-v1-reference	OPS	1.0.0	1	b1b016891ae4e976d03606dfb2f35f74b03d21cf3ec82832f77f4d113bd622d5	005d1b674bb12719c003652c867486f83a5c860b4beb1016adf17f3c56c2d844	3ebce24ac4d1c620e9dde8c84f0c92fea9cc9e01	https://www.ncbi.nlm.nih.gov/assembly/GCA_009684715.1/
72	100	GCA_034661235.1	SAMN38241646	Nocardioides bizhenqiangii	3095076	Nocardioides bizhenqiangii	3095076	ASM3466123v1	China CDC	2023-12-26	selector-v1-reference	OPS	1.0.0	1	b1b016891ae4e976d03606dfb2f35f74b03d21cf3ec82832f77f4d113bd622d5	005d1b674bb12719c003652c867486f83a5c860b4beb1016adf17f3c56c2d844	3ebce24ac4d1c620e9dde8c84f0c92fea9cc9e01	https://www.ncbi.nlm.nih.gov/assembly/GCA_034661235.1/
73	100	GCA_009017495.1	SAMN12911568	Deinococcus sp. AJ005	2652443	Deinococcus sp. AJ005	2652443	ASM901749v1	Ajou University	2019-10-13	selector-v1-reference	OPS	1.0.0	1	b1b016891ae4e976d03606dfb2f35f74b03d21cf3ec82832f77f4d113bd622d5	005d1b674bb12719c003652c867486f83a5c860b4beb1016adf17f3c56c2d844	3ebce24ac4d1c620e9dde8c84f0c92fea9cc9e01	https://www.ncbi.nlm.nih.gov/assembly/GCA_009017495.1/
74	100	GCA_044772865.1	SAMN44445349	Algirhabdus cladophorae	3377108	Algirhabdus cladophorae	3377108	ACLA_KMM_6494T_1	G.B. Elyakov Pacific Institute of Bioorganic Chemistry	2024-11-11	selector-v1-reference	OPS	1.0.0	1	b1b016891ae4e976d03606dfb2f35f74b03d21cf3ec82832f77f4d113bd622d5	005d1b674bb12719c003652c867486f83a5c860b4beb1016adf17f3c56c2d844	3ebce24ac4d1c620e9dde8c84f0c92fea9cc9e01	https://www.ncbi.nlm.nih.gov/assembly/GCA_044772865.1/
75	100	GCA_017377355.1	SAMN15947216	Desulfonema limicola	45656	Desulfonema limicola	45656	ASM1737735v1	Carl von Ossietzky University of Oldenburg	2021-03-17	selector-v1-reference	OPS	1.0.0	1	b1b016891ae4e976d03606dfb2f35f74b03d21cf3ec82832f77f4d113bd622d5	005d1b674bb12719c003652c867486f83a5c860b4beb1016adf17f3c56c2d844	3ebce24ac4d1c620e9dde8c84f0c92fea9cc9e01	https://www.ncbi.nlm.nih.gov/assembly/GCA_017377355.1/
76	100	GCA_023101005.1	SAMN16538611	Bradyrhizobium sp. 187	2782655	Bradyrhizobium sp. 187	2782655	ASM2310100v1	Oregon State University	2022-04-25	selector-v1-reference	OPS	1.0.0	1	b1b016891ae4e976d03606dfb2f35f74b03d21cf3ec82832f77f4d113bd622d5	005d1b674bb12719c003652c867486f83a5c860b4beb1016adf17f3c56c2d844	3ebce24ac4d1c620e9dde8c84f0c92fea9cc9e01	https://www.ncbi.nlm.nih.gov/assembly/GCA_023101005.1/
77	100	GCA_004010835.2	SAMN09602975	Oenococcus sp. UCMA 16435	2259623	Oenococcus sp. UCMA 16435	2259623	ASM401083v2	Universite de Caen Normandie	2020-02-07	selector-v1-reference	OPS	1.0.0	1	b1b016891ae4e976d03606dfb2f35f74b03d21cf3ec82832f77f4d113bd622d5	005d1b674bb12719c003652c867486f83a5c860b4beb1016adf17f3c56c2d844	3ebce24ac4d1c620e9dde8c84f0c92fea9cc9e01	https://www.ncbi.nlm.nih.gov/assembly/GCA_004010835.2/
78	100	GCA_001399775.1	SAMN02441811	Thermus aquaticus Y51MC23	498848	Thermus aquaticus	271	ASM139977v1	Lucigen Corp.	2015-10-19	selector-v1-reference	OPS	1.0.0	1	b1b016891ae4e976d03606dfb2f35f74b03d21cf3ec82832f77f4d113bd622d5	005d1b674bb12719c003652c867486f83a5c860b4beb1016adf17f3c56c2d844	3ebce24ac4d1c620e9dde8c84f0c92fea9cc9e01	https://www.ncbi.nlm.nih.gov/assembly/GCA_001399775.1/
79	100	GCA_023823835.1	SAMN22304400	Cytobacillus oceanisediminis	665099	Cytobacillus oceanisediminis	665099	ASM2382383v1	Huazhong Agricultural University	2022-06-21	selector-v1-reference	OPS	1.0.0	1	b1b016891ae4e976d03606dfb2f35f74b03d21cf3ec82832f77f4d113bd622d5	005d1b674bb12719c003652c867486f83a5c860b4beb1016adf17f3c56c2d844	3ebce24ac4d1c620e9dde8c84f0c92fea9cc9e01	https://www.ncbi.nlm.nih.gov/assembly/GCA_023823835.1/
80	100	GCA_026651855.1	SAMN24621180	Pseudomonas silvicola	2908006	Pseudomonas silvicola	2908006	ASM2665185v1	Guangdong Academy of Forestry	2022-12-05	selector-v1-reference	OPS	1.0.0	1	b1b016891ae4e976d03606dfb2f35f74b03d21cf3ec82832f77f4d113bd622d5	005d1b674bb12719c003652c867486f83a5c860b4beb1016adf17f3c56c2d844	3ebce24ac4d1c620e9dde8c84f0c92fea9cc9e01	https://www.ncbi.nlm.nih.gov/assembly/GCA_026651855.1/
81	100	GCA_002008305.4	SAMN06318586	Micrococcus sp. KBS0714	1179670	Micrococcus sp. KBS0714	1179670	ASM200830v4	Indiana University	2019-07-31	selector-v1-reference	OPS	1.0.0	1	b1b016891ae4e976d03606dfb2f35f74b03d21cf3ec82832f77f4d113bd622d5	005d1b674bb12719c003652c867486f83a5c860b4beb1016adf17f3c56c2d844	3ebce24ac4d1c620e9dde8c84f0c92fea9cc9e01	https://www.ncbi.nlm.nih.gov/assembly/GCA_002008305.4/
82	100	GCA_051521375.1	SAMN40441144	Sorangium sp. So ce693	3133318	Sorangium sp. So ce693	3133318	ASM5152137v1	Leibniz-Institute DSMZ - German Collection of Microorganisms and Cell Cultures	2025-07-23	selector-v1-reference	OPS	1.0.0	1	b1b016891ae4e976d03606dfb2f35f74b03d21cf3ec82832f77f4d113bd622d5	005d1b674bb12719c003652c867486f83a5c860b4beb1016adf17f3c56c2d844	3ebce24ac4d1c620e9dde8c84f0c92fea9cc9e01	https://www.ncbi.nlm.nih.gov/assembly/GCA_051521375.1/
83	100	GCA_001545095.1	SAMN04087214	Erysipelothrix larvae	1514105	Erysipelothrix larvae	1514105	ASM154509v1	Korea Research Institute Bioscience and Biotechnology	2016-02-02	selector-v1-reference	OPS	1.0.0	1	b1b016891ae4e976d03606dfb2f35f74b03d21cf3ec82832f77f4d113bd622d5	005d1b674bb12719c003652c867486f83a5c860b4beb1016adf17f3c56c2d844	3ebce24ac4d1c620e9dde8c84f0c92fea9cc9e01	https://www.ncbi.nlm.nih.gov/assembly/GCA_001545095.1/
84	100	GCA_042245395.1	SAMN38455655	Vibrio iocasae	3098914	Vibrio iocasae	3098914	ASM4224539v1	Institute of Oceanology, Chinese Academy of Sciences	2024-09-25	selector-v1-reference	OPS	1.0.0	1	b1b016891ae4e976d03606dfb2f35f74b03d21cf3ec82832f77f4d113bd622d5	005d1b674bb12719c003652c867486f83a5c860b4beb1016adf17f3c56c2d844	3ebce24ac4d1c620e9dde8c84f0c92fea9cc9e01	https://www.ncbi.nlm.nih.gov/assembly/GCA_042245395.1/
85	100	GCA_000024985.1	SAMN02598446	Sphaerobacter thermophilus DSM 20745	479434	Sphaerobacter thermophilus	2057	ASM2498v1	US DOE Joint Genome Institute (JGI-PGF)	2009-11-23	selector-v1-reference	OPS	1.0.0	1	b1b016891ae4e976d03606dfb2f35f74b03d21cf3ec82832f77f4d113bd622d5	005d1b674bb12719c003652c867486f83a5c860b4beb1016adf17f3c56c2d844	3ebce24ac4d1c620e9dde8c84f0c92fea9cc9e01	https://www.ncbi.nlm.nih.gov/assembly/GCA_000024985.1/
86	100	GCA_030077565.1	SAMN34578472	Myroides odoratimimus	76832	Myroides odoratimimus	76832	ASM3007756v1	COMU, Canakkale	2023-05-25	selector-v1-reference	OPS	1.0.0	1	b1b016891ae4e976d03606dfb2f35f74b03d21cf3ec82832f77f4d113bd622d5	005d1b674bb12719c003652c867486f83a5c860b4beb1016adf17f3c56c2d844	3ebce24ac4d1c620e9dde8c84f0c92fea9cc9e01	https://www.ncbi.nlm.nih.gov/assembly/GCA_030077565.1/
87	100	GCA_038809135.1	SAMN29855397	Sphingomonas sp. NY01	2968057	Sphingomonas sp. NY01	2968057	ASM3880913v1	Southern Subtropical Crops Research Institute, Chinese Academy of Tropical Agricultural Sciences	2024-04-30	selector-v1-reference	OPS	1.0.0	1	b1b016891ae4e976d03606dfb2f35f74b03d21cf3ec82832f77f4d113bd622d5	005d1b674bb12719c003652c867486f83a5c860b4beb1016adf17f3c56c2d844	3ebce24ac4d1c620e9dde8c84f0c92fea9cc9e01	https://www.ncbi.nlm.nih.gov/assembly/GCA_038809135.1/
88	100	GCA_000019165.1	SAMN02602985	Heliomicrobium modesticaldum Ice1	498761	Heliomicrobium modesticaldum	35701	ASM1916v1	Arizona State University	2008-04-01	selector-v1-reference	OPS	1.0.0	1	b1b016891ae4e976d03606dfb2f35f74b03d21cf3ec82832f77f4d113bd622d5	005d1b674bb12719c003652c867486f83a5c860b4beb1016adf17f3c56c2d844	3ebce24ac4d1c620e9dde8c84f0c92fea9cc9e01	https://www.ncbi.nlm.nih.gov/assembly/GCA_000019165.1/
89	100	GCA_008807075.1	SAMN10850838	Synechococcus sp. RSCCF101	2511069	Synechococcus sp. RSCCF101	2511069	ASM880707v1	King Abdullah University of Science and Technology	2019-10-03	selector-v1-reference	OPS	1.0.0	1	b1b016891ae4e976d03606dfb2f35f74b03d21cf3ec82832f77f4d113bd622d5	005d1b674bb12719c003652c867486f83a5c860b4beb1016adf17f3c56c2d844	3ebce24ac4d1c620e9dde8c84f0c92fea9cc9e01	https://www.ncbi.nlm.nih.gov/assembly/GCA_008807075.1/
90	100	GCA_051852995.1	SAMN45382047	Oenococcus alcoholitolerans	931074	Oenococcus alcoholitolerans	931074	ASM5185299v1	UMR oenologie	2025-08-06	selector-v1-reference	OPS	1.0.0	1	b1b016891ae4e976d03606dfb2f35f74b03d21cf3ec82832f77f4d113bd622d5	005d1b674bb12719c003652c867486f83a5c860b4beb1016adf17f3c56c2d844	3ebce24ac4d1c620e9dde8c84f0c92fea9cc9e01	https://www.ncbi.nlm.nih.gov/assembly/GCA_051852995.1/
91	100	GCA_022921115.1	SAMN27282322	Halobacillus amylolyticus	2932259	Halobacillus amylolyticus	2932259	ASM2292111v1	National Institute of Agricultural Sciences	2022-04-12	selector-v1-reference	OPS	1.0.0	1	b1b016891ae4e976d03606dfb2f35f74b03d21cf3ec82832f77f4d113bd622d5	005d1b674bb12719c003652c867486f83a5c860b4beb1016adf17f3c56c2d844	3ebce24ac4d1c620e9dde8c84f0c92fea9cc9e01	https://www.ncbi.nlm.nih.gov/assembly/GCA_022921115.1/
92	100	GCA_964031175.1	SAMEA115496727	Spiroplasma endosymbiont of Melieria omissa	3139324	Spiroplasma endosymbiont of Melieria omissa	3139324	idMelOmis1.Spiroplasma_sp_1.1	WELLCOME SANGER INSTITUTE	2024-04-20	selector-v1-reference	OPS	1.0.0	1	b1b016891ae4e976d03606dfb2f35f74b03d21cf3ec82832f77f4d113bd622d5	005d1b674bb12719c003652c867486f83a5c860b4beb1016adf17f3c56c2d844	3ebce24ac4d1c620e9dde8c84f0c92fea9cc9e01	https://www.ncbi.nlm.nih.gov/assembly/GCA_964031175.1/
93	100	GCA_026967615.1	SAMN32084726	Pseudomonas sp. GXZC	3003351	Pseudomonas sp. GXZC	3003351	ASM2696761v1	Huazhong Agricultural University	2022-12-18	selector-v1-reference	OPS	1.0.0	1	b1b016891ae4e976d03606dfb2f35f74b03d21cf3ec82832f77f4d113bd622d5	005d1b674bb12719c003652c867486f83a5c860b4beb1016adf17f3c56c2d844	3ebce24ac4d1c620e9dde8c84f0c92fea9cc9e01	https://www.ncbi.nlm.nih.gov/assembly/GCA_026967615.1/
94	100	GCA_022374875.3	SAMN20254267	Mycolicibacterium rufum	318424	Mycolicibacterium rufum	318424	ASM2237487v3	Research Institute of Tuberculosis	2022-09-02	selector-v1-reference	OPS	1.0.0	1	b1b016891ae4e976d03606dfb2f35f74b03d21cf3ec82832f77f4d113bd622d5	005d1b674bb12719c003652c867486f83a5c860b4beb1016adf17f3c56c2d844	3ebce24ac4d1c620e9dde8c84f0c92fea9cc9e01	https://www.ncbi.nlm.nih.gov/assembly/GCA_022374875.3/
95	100	GCA_013365535.1	SAMN14916496	Aquimarina sp. TRL1	2736252	Aquimarina sp. TRL1	2736252	ASM1336553v1	University of Tasmania	2020-06-22	selector-v1-reference	OPS	1.0.0	1	b1b016891ae4e976d03606dfb2f35f74b03d21cf3ec82832f77f4d113bd622d5	005d1b674bb12719c003652c867486f83a5c860b4beb1016adf17f3c56c2d844	3ebce24ac4d1c620e9dde8c84f0c92fea9cc9e01	https://www.ncbi.nlm.nih.gov/assembly/GCA_013365535.1/
96	100	GCA_042445055.1	SAMN43886083	Falsihalocynthiibacter sp. SS001	3349698	Falsihalocynthiibacter sp. SS001	3349698	Complete genome of Falsihalocynthiibacter sp. SS001	Shanghai Ocean University	2024-09-30	selector-v1-reference	OPS	1.0.0	1	b1b016891ae4e976d03606dfb2f35f74b03d21cf3ec82832f77f4d113bd622d5	005d1b674bb12719c003652c867486f83a5c860b4beb1016adf17f3c56c2d844	3ebce24ac4d1c620e9dde8c84f0c92fea9cc9e01	https://www.ncbi.nlm.nih.gov/assembly/GCA_042445055.1/
97	100	GCA_036231985.1	SAMN30553297	Streptomyces sp. NBC_01426	2975866	Streptomyces sp. NBC_01426	2975866	ASM3623198v1	Technical University of Denmark	2024-01-25	selector-v1-reference	OPS	1.0.0	1	b1b016891ae4e976d03606dfb2f35f74b03d21cf3ec82832f77f4d113bd622d5	005d1b674bb12719c003652c867486f83a5c860b4beb1016adf17f3c56c2d844	3ebce24ac4d1c620e9dde8c84f0c92fea9cc9e01	https://www.ncbi.nlm.nih.gov/assembly/GCA_036231985.1/
98	100	GCA_030996345.1	SAMN31721705	Acidithiobacillus sp. AMEEHan	2994951	Acidithiobacillus sp. AMEEHan	2994951	ASM3099634v1	Tianjin Institute of Industrial Biotechnology, Chinese Academy of Sciences	2023-08-30	selector-v1-reference	OPS	1.0.0	1	b1b016891ae4e976d03606dfb2f35f74b03d21cf3ec82832f77f4d113bd622d5	005d1b674bb12719c003652c867486f83a5c860b4beb1016adf17f3c56c2d844	3ebce24ac4d1c620e9dde8c84f0c92fea9cc9e01	https://www.ncbi.nlm.nih.gov/assembly/GCA_030996345.1/
99	100	GCA_007741535.1	SAMN06143213	Rubripirellula lacrimiformis	1930273	Rubripirellula lacrimiformis	1930273	ASM774153v1	Leibniz-Institute DSMZ German Collection of Microorganisms and Cell Cultures	2019-07-31	selector-v1-reference	OPS	1.0.0	1	b1b016891ae4e976d03606dfb2f35f74b03d21cf3ec82832f77f4d113bd622d5	005d1b674bb12719c003652c867486f83a5c860b4beb1016adf17f3c56c2d844	3ebce24ac4d1c620e9dde8c84f0c92fea9cc9e01	https://www.ncbi.nlm.nih.gov/assembly/GCA_007741535.1/
100	100	GCA_030913685.1	SAMN37009672	Oscillospiraceae bacterium MB24-C1	3070655	Oscillospiraceae bacterium MB24-C1	3070655	ASM3091368v1	Sanming University	2023-08-28	selector-v1-reference	OPS	1.0.0	1	b1b016891ae4e976d03606dfb2f35f74b03d21cf3ec82832f77f4d113bd622d5	005d1b674bb12719c003652c867486f83a5c860b4beb1016adf17f3c56c2d844	3ebce24ac4d1c620e9dde8c84f0c92fea9cc9e01	https://www.ncbi.nlm.nih.gov/assembly/GCA_030913685.1/
101	200	GCA_045689595.1	SAMN38770663	Humidisolicoccus flavus	3111414	Humidisolicoccus flavus	3111414	ASM4568959v1	Chungnam National University	2024-01-24	selector-v1-reference	OPS	1.0.0	1	b1b016891ae4e976d03606dfb2f35f74b03d21cf3ec82832f77f4d113bd622d5	005d1b674bb12719c003652c867486f83a5c860b4beb1016adf17f3c56c2d844	3ebce24ac4d1c620e9dde8c84f0c92fea9cc9e01	https://www.ncbi.nlm.nih.gov/assembly/GCA_045689595.1/
102	200	GCA_020790095.1	SAMN22550432	Priestia sp. J2	2886505	Priestia sp. J2	2886505	ASM2079009v1	Shandong Peanut Reaearch Institute	2021-11-08	selector-v1-reference	OPS	1.0.0	1	b1b016891ae4e976d03606dfb2f35f74b03d21cf3ec82832f77f4d113bd622d5	005d1b674bb12719c003652c867486f83a5c860b4beb1016adf17f3c56c2d844	3ebce24ac4d1c620e9dde8c84f0c92fea9cc9e01	https://www.ncbi.nlm.nih.gov/assembly/GCA_020790095.1/
103	200	GCA_051530195.1	SAMN40441126	Sorangium sp. So ce321	3133300	Sorangium sp. So ce321	3133300	ASM5153019v1	Leibniz-Institute DSMZ - German Collection of Microorganisms and Cell Cultures	2025-07-24	selector-v1-reference	OPS	1.0.0	1	b1b016891ae4e976d03606dfb2f35f74b03d21cf3ec82832f77f4d113bd622d5	005d1b674bb12719c003652c867486f83a5c860b4beb1016adf17f3c56c2d844	3ebce24ac4d1c620e9dde8c84f0c92fea9cc9e01	https://www.ncbi.nlm.nih.gov/assembly/GCA_051530195.1/
104	200	GCA_027563495.1	SAMN22327426	Leptospira kirschneri	29507	Leptospira kirschneri	29507	ASM2756349v1	USDA Animal Plant Health Inspection Service-National Veterinary Services Laboratories - DBPL	2023-01-03	selector-v1-reference	OPS	1.0.0	1	b1b016891ae4e976d03606dfb2f35f74b03d21cf3ec82832f77f4d113bd622d5	005d1b674bb12719c003652c867486f83a5c860b4beb1016adf17f3c56c2d844	3ebce24ac4d1c620e9dde8c84f0c92fea9cc9e01	https://www.ncbi.nlm.nih.gov/assembly/GCA_027563495.1/
105	200	GCA_004135585.1	SAMN10797701	Sphingosinicella sp. BN140058	1892855	Sphingosinicella sp. BN140058	1892855	ASM413558v1	Korea research institute of biotechnology bioscience	2019-02-04	selector-v1-reference	OPS	1.0.0	1	b1b016891ae4e976d03606dfb2f35f74b03d21cf3ec82832f77f4d113bd622d5	005d1b674bb12719c003652c867486f83a5c860b4beb1016adf17f3c56c2d844	3ebce24ac4d1c620e9dde8c84f0c92fea9cc9e01	https://www.ncbi.nlm.nih.gov/assembly/GCA_004135585.1/
106	200	GCA_018408705.1	SAMD00239552	Pusillibacter faecalis	2714358	Pusillibacter faecalis	2714358	ASM1840870v1	RIKEN Baton Zone Program, Benno Laboratory	2021-04-12	selector-v1-reference	OPS	1.0.0	1	b1b016891ae4e976d03606dfb2f35f74b03d21cf3ec82832f77f4d113bd622d5	005d1b674bb12719c003652c867486f83a5c860b4beb1016adf17f3c56c2d844	3ebce24ac4d1c620e9dde8c84f0c92fea9cc9e01	https://www.ncbi.nlm.nih.gov/assembly/GCA_018408705.1/
107	200	GCA_041893865.1	SAMN43458188	Brevundimonas staleyi	74326	Brevundimonas staleyi	74326	ASM4189386v1	Stockholm University	2024-09-10	selector-v1-reference	OPS	1.0.0	1	b1b016891ae4e976d03606dfb2f35f74b03d21cf3ec82832f77f4d113bd622d5	005d1b674bb12719c003652c867486f83a5c860b4beb1016adf17f3c56c2d844	3ebce24ac4d1c620e9dde8c84f0c92fea9cc9e01	https://www.ncbi.nlm.nih.gov/assembly/GCA_041893865.1/
108	200	GCA_014217665.1	SAMN12282941	Frigoribacterium sp. NBH87	2596916	Frigoribacterium sp. NBH87	2596916	ASM1421766v1	University of New South Wales	2020-08-17	selector-v1-reference	OPS	1.0.0	1	b1b016891ae4e976d03606dfb2f35f74b03d21cf3ec82832f77f4d113bd622d5	005d1b674bb12719c003652c867486f83a5c860b4beb1016adf17f3c56c2d844	3ebce24ac4d1c620e9dde8c84f0c92fea9cc9e01	https://www.ncbi.nlm.nih.gov/assembly/GCA_014217665.1/
109	200	GCA_023168365.1	SAMN27015347	Enterococcus sp. PLM3	2929797	Enterococcus sp. PLM3	2929797	ASM2316836v1	Keio University	2022-04-02	selector-v1-reference	OPS	1.0.0	1	b1b016891ae4e976d03606dfb2f35f74b03d21cf3ec82832f77f4d113bd622d5	005d1b674bb12719c003652c867486f83a5c860b4beb1016adf17f3c56c2d844	3ebce24ac4d1c620e9dde8c84f0c92fea9cc9e01	https://www.ncbi.nlm.nih.gov/assembly/GCA_023168365.1/
110	200	GCA_051054295.1	SAMN39617470	Celeribacter sp. SCSIO 80788	3117013	Celeribacter sp. SCSIO 80788	3117013	ASM5105429v1	University of Chinese Academy of Sciences	2025-06-25	selector-v1-reference	OPS	1.0.0	1	b1b016891ae4e976d03606dfb2f35f74b03d21cf3ec82832f77f4d113bd622d5	005d1b674bb12719c003652c867486f83a5c860b4beb1016adf17f3c56c2d844	3ebce24ac4d1c620e9dde8c84f0c92fea9cc9e01	https://www.ncbi.nlm.nih.gov/assembly/GCA_051054295.1/
111	200	GCA_030291895.1	SAMN35717816	Pseudoalteromonas sp. JC3	2810196	Pseudoalteromonas sp. JC3	2810196	ASM3029189v1	University of Rhode Island	2023-06-20	selector-v1-reference	OPS	1.0.0	1	b1b016891ae4e976d03606dfb2f35f74b03d21cf3ec82832f77f4d113bd622d5	005d1b674bb12719c003652c867486f83a5c860b4beb1016adf17f3c56c2d844	3ebce24ac4d1c620e9dde8c84f0c92fea9cc9e01	https://www.ncbi.nlm.nih.gov/assembly/GCA_030291895.1/
112	200	GCA_032595875.2	SAMN34060371	Borreliella andersonii	42109	Borreliella andersonii	42109	ASM3259587v2	Institute for Genome Sciences	2025-02-14	selector-v1-reference	OPS	1.0.0	1	b1b016891ae4e976d03606dfb2f35f74b03d21cf3ec82832f77f4d113bd622d5	005d1b674bb12719c003652c867486f83a5c860b4beb1016adf17f3c56c2d844	3ebce24ac4d1c620e9dde8c84f0c92fea9cc9e01	https://www.ncbi.nlm.nih.gov/assembly/GCA_032595875.2/
113	200	GCA_005697565.1	SAMN11483331	Candidatus Nanosynbacter featherlites	2572088	Candidatus Nanosynbacter featherlites	2572088	ASM569756v1	The Forsyth Institute	2019-05-23	selector-v1-reference	OPS	1.0.0	1	b1b016891ae4e976d03606dfb2f35f74b03d21cf3ec82832f77f4d113bd622d5	005d1b674bb12719c003652c867486f83a5c860b4beb1016adf17f3c56c2d844	3ebce24ac4d1c620e9dde8c84f0c92fea9cc9e01	https://www.ncbi.nlm.nih.gov/assembly/GCA_005697565.1/
114	200	GCA_018127985.1	SAMN18352177	Prevotella multiformis	282402	Prevotella multiformis	282402	ASM1812798v1	The Forsyth Institute	2021-04-22	selector-v1-reference	OPS	1.0.0	1	b1b016891ae4e976d03606dfb2f35f74b03d21cf3ec82832f77f4d113bd622d5	005d1b674bb12719c003652c867486f83a5c860b4beb1016adf17f3c56c2d844	3ebce24ac4d1c620e9dde8c84f0c92fea9cc9e01	https://www.ncbi.nlm.nih.gov/assembly/GCA_018127985.1/
115	200	GCA_016925535.1	SAMN17761733	Natronoglycomyces albus	2811108	Natronoglycomyces albus	2811108	ASM1692553v1	Leibniz Institute DSMZ	2021-02-24	selector-v1-reference	OPS	1.0.0	1	b1b016891ae4e976d03606dfb2f35f74b03d21cf3ec82832f77f4d113bd622d5	005d1b674bb12719c003652c867486f83a5c860b4beb1016adf17f3c56c2d844	3ebce24ac4d1c620e9dde8c84f0c92fea9cc9e01	https://www.ncbi.nlm.nih.gov/assembly/GCA_016925535.1/
116	200	GCA_024347375.1	SAMD00428687	Vibrio coralliirubri	1516159	Vibrio coralliirubri	1516159	ASM2434737v1	Laboratory of Microbiology, Division of Marine Life Science, Faculty of Fisheries Sciences, Hokkaido University	2022-07-13	selector-v1-reference	OPS	1.0.0	1	b1b016891ae4e976d03606dfb2f35f74b03d21cf3ec82832f77f4d113bd622d5	005d1b674bb12719c003652c867486f83a5c860b4beb1016adf17f3c56c2d844	3ebce24ac4d1c620e9dde8c84f0c92fea9cc9e01	https://www.ncbi.nlm.nih.gov/assembly/GCA_024347375.1/
117	200	GCA_037965315.1	SAMN29228815	Paenibacillus sp. FSL R10-2796	2954663	Paenibacillus sp. FSL R10-2796	2954663	PS01944	Penn State	2024-04-04	selector-v1-reference	OPS	1.0.0	1	b1b016891ae4e976d03606dfb2f35f74b03d21cf3ec82832f77f4d113bd622d5	005d1b674bb12719c003652c867486f83a5c860b4beb1016adf17f3c56c2d844	3ebce24ac4d1c620e9dde8c84f0c92fea9cc9e01	https://www.ncbi.nlm.nih.gov/assembly/GCA_037965315.1/
118	200	GCA_003945345.1	SAMD00149510	Paenibacillus baekrokdamisoli	1712516	Paenibacillus baekrokdamisoli	1712516	ASM394534v1	Korean Collection for Type Culture, Biological Resource Center, Korea Research Institute of Bioscience and Biotechnology	2018-11-14	selector-v1-reference	OPS	1.0.0	1	b1b016891ae4e976d03606dfb2f35f74b03d21cf3ec82832f77f4d113bd622d5	005d1b674bb12719c003652c867486f83a5c860b4beb1016adf17f3c56c2d844	3ebce24ac4d1c620e9dde8c84f0c92fea9cc9e01	https://www.ncbi.nlm.nih.gov/assembly/GCA_003945345.1/
119	200	GCA_018736045.1	SAMN19416144	Flammeovirga yaeyamensis	367791	Flammeovirga yaeyamensis	367791	ASM1873604v1	National Glycoengineering Research Center	2021-06-07	selector-v1-reference	OPS	1.0.0	1	b1b016891ae4e976d03606dfb2f35f74b03d21cf3ec82832f77f4d113bd622d5	005d1b674bb12719c003652c867486f83a5c860b4beb1016adf17f3c56c2d844	3ebce24ac4d1c620e9dde8c84f0c92fea9cc9e01	https://www.ncbi.nlm.nih.gov/assembly/GCA_018736045.1/
120	200	GCA_036670015.1	SAMN37916202	Niallia sp. XMNu-256	3082444	Niallia sp. XMNu-256	3082444	ASM3667001v1	Hebei North University	2024-02-16	selector-v1-reference	OPS	1.0.0	1	b1b016891ae4e976d03606dfb2f35f74b03d21cf3ec82832f77f4d113bd622d5	005d1b674bb12719c003652c867486f83a5c860b4beb1016adf17f3c56c2d844	3ebce24ac4d1c620e9dde8c84f0c92fea9cc9e01	https://www.ncbi.nlm.nih.gov/assembly/GCA_036670015.1/
121	200	GCA_019774615.1	SAMN20606180	Streptomyces sp. BHT-5-2	2866715	Streptomyces sp. BHT-5-2	2866715	ASM1977461v1	Hunan Institute of Agricultural Biotechnology	2021-08-26	selector-v1-reference	OPS	1.0.0	1	b1b016891ae4e976d03606dfb2f35f74b03d21cf3ec82832f77f4d113bd622d5	005d1b674bb12719c003652c867486f83a5c860b4beb1016adf17f3c56c2d844	3ebce24ac4d1c620e9dde8c84f0c92fea9cc9e01	https://www.ncbi.nlm.nih.gov/assembly/GCA_019774615.1/
122	200	GCA_000223215.1	SAMN02603670	Brachyspira intermedia PWS/A	1045858	Brachyspira intermedia	84377	ASM22321v1	National Veterinary Institute (SVA)	2011-08-10	selector-v1-reference	OPS	1.0.0	1	b1b016891ae4e976d03606dfb2f35f74b03d21cf3ec82832f77f4d113bd622d5	005d1b674bb12719c003652c867486f83a5c860b4beb1016adf17f3c56c2d844	3ebce24ac4d1c620e9dde8c84f0c92fea9cc9e01	https://www.ncbi.nlm.nih.gov/assembly/GCA_000223215.1/
123	200	GCA_900660675.1	SAMEA104167209	Mycoplasmopsis columboralis	171282	Mycoplasmopsis columboralis	171282	57141_A01-3	SC	2019-01-29	selector-v1-reference	OPS	1.0.0	1	b1b016891ae4e976d03606dfb2f35f74b03d21cf3ec82832f77f4d113bd622d5	005d1b674bb12719c003652c867486f83a5c860b4beb1016adf17f3c56c2d844	3ebce24ac4d1c620e9dde8c84f0c92fea9cc9e01	https://www.ncbi.nlm.nih.gov/assembly/GCA_900660675.1/
124	200	GCA_000015605.1	SAMN02604032	Burkholderia mallei NCTC 10229	412022	Burkholderia mallei	13373	ASM1560v1	TIGR	2007-01-30	selector-v1-reference	OPS	1.0.0	1	b1b016891ae4e976d03606dfb2f35f74b03d21cf3ec82832f77f4d113bd622d5	005d1b674bb12719c003652c867486f83a5c860b4beb1016adf17f3c56c2d844	3ebce24ac4d1c620e9dde8c84f0c92fea9cc9e01	https://www.ncbi.nlm.nih.gov/assembly/GCA_000015605.1/
125	200	GCA_009901525.1	SAMN06214045	Kordia antarctica	1218801	Kordia antarctica	1218801	ASM990152v1	Inha University	2020-01-17	selector-v1-reference	OPS	1.0.0	1	b1b016891ae4e976d03606dfb2f35f74b03d21cf3ec82832f77f4d113bd622d5	005d1b674bb12719c003652c867486f83a5c860b4beb1016adf17f3c56c2d844	3ebce24ac4d1c620e9dde8c84f0c92fea9cc9e01	https://www.ncbi.nlm.nih.gov/assembly/GCA_009901525.1/
126	200	GCA_002381365.1	SAMN06834800	Phaeobacter gallaeciensis	60890	Phaeobacter gallaeciensis	60890	ASM238136v1	Leibniz Institute DSMZ	2017-09-27	selector-v1-reference	OPS	1.0.0	1	b1b016891ae4e976d03606dfb2f35f74b03d21cf3ec82832f77f4d113bd622d5	005d1b674bb12719c003652c867486f83a5c860b4beb1016adf17f3c56c2d844	3ebce24ac4d1c620e9dde8c84f0c92fea9cc9e01	https://www.ncbi.nlm.nih.gov/assembly/GCA_002381365.1/
127	200	GCA_028532485.1	SAMN32952419	Iamia majanohamensis	467976	Iamia majanohamensis	467976	ASM2853248v1	The university of Hong Kong	2023-02-07	selector-v1-reference	OPS	1.0.0	1	b1b016891ae4e976d03606dfb2f35f74b03d21cf3ec82832f77f4d113bd622d5	005d1b674bb12719c003652c867486f83a5c860b4beb1016adf17f3c56c2d844	3ebce24ac4d1c620e9dde8c84f0c92fea9cc9e01	https://www.ncbi.nlm.nih.gov/assembly/GCA_028532485.1/
128	200	GCA_044789135.1	SAMN14381049	Cobetia sp. UIB-001	2717697	Cobetia sp. UIB-001	2717697	ASM4478913v1	University of Balearic Islands	2024-11-12	selector-v1-reference	OPS	1.0.0	1	b1b016891ae4e976d03606dfb2f35f74b03d21cf3ec82832f77f4d113bd622d5	005d1b674bb12719c003652c867486f83a5c860b4beb1016adf17f3c56c2d844	3ebce24ac4d1c620e9dde8c84f0c92fea9cc9e01	https://www.ncbi.nlm.nih.gov/assembly/GCA_044789135.1/
129	200	GCA_003293695.1	SAMN08935026	Solilutibacter oculi	2698682	Solilutibacter oculi	2698682	ASM329369v1	Institute of Microbiology Chinese Academy of Sciences	2018-07-09	selector-v1-reference	OPS	1.0.0	1	b1b016891ae4e976d03606dfb2f35f74b03d21cf3ec82832f77f4d113bd622d5	005d1b674bb12719c003652c867486f83a5c860b4beb1016adf17f3c56c2d844	3ebce24ac4d1c620e9dde8c84f0c92fea9cc9e01	https://www.ncbi.nlm.nih.gov/assembly/GCA_003293695.1/
130	200	GCA_000767055.1	SAMN02356458	Corynebacterium doosanense CAU 212 = DSM 45436	558173	Corynebacterium doosanense	1121358	ASM76705v1	Bielefeld University	2014-10-16	selector-v1-reference	OPS	1.0.0	1	b1b016891ae4e976d03606dfb2f35f74b03d21cf3ec82832f77f4d113bd622d5	005d1b674bb12719c003652c867486f83a5c860b4beb1016adf17f3c56c2d844	3ebce24ac4d1c620e9dde8c84f0c92fea9cc9e01	https://www.ncbi.nlm.nih.gov/assembly/GCA_000767055.1/
131	200	GCA_032842945.2	SAMN37789661	Roseovarius rhodophyticola	3080827	Roseovarius rhodophyticola	3080827	ASM3284294v2	Chung-Ang university	2024-04-01	selector-v1-reference	OPS	1.0.0	1	b1b016891ae4e976d03606dfb2f35f74b03d21cf3ec82832f77f4d113bd622d5	005d1b674bb12719c003652c867486f83a5c860b4beb1016adf17f3c56c2d844	3ebce24ac4d1c620e9dde8c84f0c92fea9cc9e01	https://www.ncbi.nlm.nih.gov/assembly/GCA_032842945.2/
132	200	GCA_036511535.1	SAMD00639221	Indolivaga capnocytophagoides	45254	Indolivaga capnocytophagoides	45254	ASM3651153v1	Department of clinical laboratory medicine, Saitama medhical university	2023-09-07	selector-v1-reference	OPS	1.0.0	1	b1b016891ae4e976d03606dfb2f35f74b03d21cf3ec82832f77f4d113bd622d5	005d1b674bb12719c003652c867486f83a5c860b4beb1016adf17f3c56c2d844	3ebce24ac4d1c620e9dde8c84f0c92fea9cc9e01	https://www.ncbi.nlm.nih.gov/assembly/GCA_036511535.1/
133	200	GCA_009730295.1	SAMN11056457	Gemella sanguinis	84135	Gemella sanguinis	84135	ASM973029v1	US Food and Drug Administration	2019-12-05	selector-v1-reference	OPS	1.0.0	1	b1b016891ae4e976d03606dfb2f35f74b03d21cf3ec82832f77f4d113bd622d5	005d1b674bb12719c003652c867486f83a5c860b4beb1016adf17f3c56c2d844	3ebce24ac4d1c620e9dde8c84f0c92fea9cc9e01	https://www.ncbi.nlm.nih.gov/assembly/GCA_009730295.1/
134	200	GCA_028609845.1	SAMN13404530	Corynebacterium heidelbergense	2055947	Corynebacterium heidelbergense	2055947	ASM2860984v1	Bielefeld University	2023-02-13	selector-v1-reference	OPS	1.0.0	1	b1b016891ae4e976d03606dfb2f35f74b03d21cf3ec82832f77f4d113bd622d5	005d1b674bb12719c003652c867486f83a5c860b4beb1016adf17f3c56c2d844	3ebce24ac4d1c620e9dde8c84f0c92fea9cc9e01	https://www.ncbi.nlm.nih.gov/assembly/GCA_028609845.1/
135	200	GCA_018141425.1	SAMN14689426	Vallitalea guaymasensis	1185412	Vallitalea guaymasensis	1185412	ASM1814142v1	Mediterranean Institute of Oceanography (MIO), UMR 7294	2021-04-27	selector-v1-reference	OPS	1.0.0	1	b1b016891ae4e976d03606dfb2f35f74b03d21cf3ec82832f77f4d113bd622d5	005d1b674bb12719c003652c867486f83a5c860b4beb1016adf17f3c56c2d844	3ebce24ac4d1c620e9dde8c84f0c92fea9cc9e01	https://www.ncbi.nlm.nih.gov/assembly/GCA_018141425.1/
136	200	GCA_022788655.1	SAMN22145276	Sulfitobacter indolifex	225422	Sulfitobacter indolifex	225422	ASM2278865v1	Leibniz Institute DSMZ	2022-04-01	selector-v1-reference	OPS	1.0.0	1	b1b016891ae4e976d03606dfb2f35f74b03d21cf3ec82832f77f4d113bd622d5	005d1b674bb12719c003652c867486f83a5c860b4beb1016adf17f3c56c2d844	3ebce24ac4d1c620e9dde8c84f0c92fea9cc9e01	https://www.ncbi.nlm.nih.gov/assembly/GCA_022788655.1/
137	200	GCA_002368455.1	SAMD00081178	Calothrix sp. NIES-4071	2005469	Calothrix sp. NIES-4071	2005469	ASM236845v1	Toyohashi University of Technology	2017-06-25	selector-v1-reference	OPS	1.0.0	1	b1b016891ae4e976d03606dfb2f35f74b03d21cf3ec82832f77f4d113bd622d5	005d1b674bb12719c003652c867486f83a5c860b4beb1016adf17f3c56c2d844	3ebce24ac4d1c620e9dde8c84f0c92fea9cc9e01	https://www.ncbi.nlm.nih.gov/assembly/GCA_002368455.1/
138	200	GCA_033977085.1	SAMN35133167	Apirhabdus apintestini	3049091	Apirhabdus apintestini	3049091	ASM3397708v1	University of Guelph	2023-11-29	selector-v1-reference	OPS	1.0.0	1	b1b016891ae4e976d03606dfb2f35f74b03d21cf3ec82832f77f4d113bd622d5	005d1b674bb12719c003652c867486f83a5c860b4beb1016adf17f3c56c2d844	3ebce24ac4d1c620e9dde8c84f0c92fea9cc9e01	https://www.ncbi.nlm.nih.gov/assembly/GCA_033977085.1/
139	200	GCA_001633145.1	SAMN04903812	Rhodovulum sulfidophilum	35806	Rhodovulum sulfidophilum	35806	ASM163314v1	Toyohashi University of Technology	2016-04-28	selector-v1-reference	OPS	1.0.0	1	b1b016891ae4e976d03606dfb2f35f74b03d21cf3ec82832f77f4d113bd622d5	005d1b674bb12719c003652c867486f83a5c860b4beb1016adf17f3c56c2d844	3ebce24ac4d1c620e9dde8c84f0c92fea9cc9e01	https://www.ncbi.nlm.nih.gov/assembly/GCA_001633145.1/
140	200	GCA_000746585.2	SAMN02943453	Rickettsiales bacterium Ac37b	1528098	Rickettsiales bacterium Ac37b	1528098	ASM74658v2	University of Minnesota	2015-01-27	selector-v1-reference	OPS	1.0.0	1	b1b016891ae4e976d03606dfb2f35f74b03d21cf3ec82832f77f4d113bd622d5	005d1b674bb12719c003652c867486f83a5c860b4beb1016adf17f3c56c2d844	3ebce24ac4d1c620e9dde8c84f0c92fea9cc9e01	https://www.ncbi.nlm.nih.gov/assembly/GCA_000746585.2/
141	200	GCA_000218895.1	SAMN02232050	Runella slithyformis DSM 19594	761193	Runella slithyformis	106	ASM21889v1	US DOE Joint Genome Institute (JGI-PGF)	2011-06-17	selector-v1-reference	OPS	1.0.0	1	b1b016891ae4e976d03606dfb2f35f74b03d21cf3ec82832f77f4d113bd622d5	005d1b674bb12719c003652c867486f83a5c860b4beb1016adf17f3c56c2d844	3ebce24ac4d1c620e9dde8c84f0c92fea9cc9e01	https://www.ncbi.nlm.nih.gov/assembly/GCA_000218895.1/
142	200	GCA_044784365.2	SAMN44522929	Cetobacterium somerae ATCC BAA-474	1319815	Cetobacterium somerae	188913	UGA_Csom_2	University of Georgia	2024-11-12	selector-v1-reference	OPS	1.0.0	1	b1b016891ae4e976d03606dfb2f35f74b03d21cf3ec82832f77f4d113bd622d5	005d1b674bb12719c003652c867486f83a5c860b4beb1016adf17f3c56c2d844	3ebce24ac4d1c620e9dde8c84f0c92fea9cc9e01	https://www.ncbi.nlm.nih.gov/assembly/GCA_044784365.2/
143	200	GCA_022827545.1	SAMN27067608	Hymenobacter tibetensis	497967	Hymenobacter tibetensis	497967	ASM2282754v1	National Institute of Agricultural Sciences	2022-04-06	selector-v1-reference	OPS	1.0.0	1	b1b016891ae4e976d03606dfb2f35f74b03d21cf3ec82832f77f4d113bd622d5	005d1b674bb12719c003652c867486f83a5c860b4beb1016adf17f3c56c2d844	3ebce24ac4d1c620e9dde8c84f0c92fea9cc9e01	https://www.ncbi.nlm.nih.gov/assembly/GCA_022827545.1/
144	200	GCA_022220465.1	SAMN25258031	Streptomyces sp. TYQ1024	2762559	Streptomyces sp. TYQ1024	2762559	ASM2222046v1	Sichuan University	2022-02-14	selector-v1-reference	OPS	1.0.0	1	b1b016891ae4e976d03606dfb2f35f74b03d21cf3ec82832f77f4d113bd622d5	005d1b674bb12719c003652c867486f83a5c860b4beb1016adf17f3c56c2d844	3ebce24ac4d1c620e9dde8c84f0c92fea9cc9e01	https://www.ncbi.nlm.nih.gov/assembly/GCA_022220465.1/
145	200	GCA_003325355.1	SAMN09536026	Runella rosea	2259595	Runella rosea	2259595	ASM332535v1	Korea University	2018-07-17	selector-v1-reference	OPS	1.0.0	1	b1b016891ae4e976d03606dfb2f35f74b03d21cf3ec82832f77f4d113bd622d5	005d1b674bb12719c003652c867486f83a5c860b4beb1016adf17f3c56c2d844	3ebce24ac4d1c620e9dde8c84f0c92fea9cc9e01	https://www.ncbi.nlm.nih.gov/assembly/GCA_003325355.1/
146	200	GCA_003443635.1	SAMN09780818	Flavobacteriaceae bacterium	1871037	Flavobacteriaceae bacterium	1871037	ASM344363v1	University of New South Wales	2018-09-04	selector-v1-reference	OPS	1.0.0	1	b1b016891ae4e976d03606dfb2f35f74b03d21cf3ec82832f77f4d113bd622d5	005d1b674bb12719c003652c867486f83a5c860b4beb1016adf17f3c56c2d844	3ebce24ac4d1c620e9dde8c84f0c92fea9cc9e01	https://www.ncbi.nlm.nih.gov/assembly/GCA_003443635.1/
147	200	GCA_009429145.1	SAMN13012137	Amycolatopsis sp. YIM 10	2653857	Amycolatopsis sp. YIM 10	2653857	ASM942914v1	Uni Bielefeld	2019-10-31	selector-v1-reference	OPS	1.0.0	1	b1b016891ae4e976d03606dfb2f35f74b03d21cf3ec82832f77f4d113bd622d5	005d1b674bb12719c003652c867486f83a5c860b4beb1016adf17f3c56c2d844	3ebce24ac4d1c620e9dde8c84f0c92fea9cc9e01	https://www.ncbi.nlm.nih.gov/assembly/GCA_009429145.1/
148	200	GCA_000020365.1	SAMN02603282	Desulforapulum autotrophicum HRM2	177437	Desulforapulum autotrophicum	2296	ASM2036v1	Goettingen Genomics Laboratory	2009-02-18	selector-v1-reference	OPS	1.0.0	1	b1b016891ae4e976d03606dfb2f35f74b03d21cf3ec82832f77f4d113bd622d5	005d1b674bb12719c003652c867486f83a5c860b4beb1016adf17f3c56c2d844	3ebce24ac4d1c620e9dde8c84f0c92fea9cc9e01	https://www.ncbi.nlm.nih.gov/assembly/GCA_000020365.1/
149	200	GCA_033127725.1	SAMD00453220	Bombiscardovia nodaiensis	2932181	Bombiscardovia nodaiensis	2932181	ASM3312772v1	NODAI Genome Research Center, Tokyo University of Agriculture	2023-06-13	selector-v1-reference	OPS	1.0.0	1	b1b016891ae4e976d03606dfb2f35f74b03d21cf3ec82832f77f4d113bd622d5	005d1b674bb12719c003652c867486f83a5c860b4beb1016adf17f3c56c2d844	3ebce24ac4d1c620e9dde8c84f0c92fea9cc9e01	https://www.ncbi.nlm.nih.gov/assembly/GCA_033127725.1/
150	200	GCA_021049245.1	SAMN19600238	Radiobacillus kanasensis	2844358	Radiobacillus kanasensis	2844358	ASM2104924v1	Xinjiang Academy of Agricultural Science	2021-12-06	selector-v1-reference	OPS	1.0.0	1	b1b016891ae4e976d03606dfb2f35f74b03d21cf3ec82832f77f4d113bd622d5	005d1b674bb12719c003652c867486f83a5c860b4beb1016adf17f3c56c2d844	3ebce24ac4d1c620e9dde8c84f0c92fea9cc9e01	https://www.ncbi.nlm.nih.gov/assembly/GCA_021049245.1/
151	200	GCA_051257795.1	SAMN49555883	Streptomyces sp. H49	3444117	Streptomyces sp. H49	3444117	ASM5125779v1	Qingdao University	2025-07-09	selector-v1-reference	OPS	1.0.0	1	b1b016891ae4e976d03606dfb2f35f74b03d21cf3ec82832f77f4d113bd622d5	005d1b674bb12719c003652c867486f83a5c860b4beb1016adf17f3c56c2d844	3ebce24ac4d1c620e9dde8c84f0c92fea9cc9e01	https://www.ncbi.nlm.nih.gov/assembly/GCA_051257795.1/
152	200	GCA_001718555.1	SAMN03449247	Burkholderia metallica	488729	Burkholderia metallica	488729	ASM171855v1	Northern Arizona University	2016-09-02	selector-v1-reference	OPS	1.0.0	1	b1b016891ae4e976d03606dfb2f35f74b03d21cf3ec82832f77f4d113bd622d5	005d1b674bb12719c003652c867486f83a5c860b4beb1016adf17f3c56c2d844	3ebce24ac4d1c620e9dde8c84f0c92fea9cc9e01	https://www.ncbi.nlm.nih.gov/assembly/GCA_001718555.1/
153	200	GCA_004792515.1	SAMN11283524	Vagococcus xieshaowenii	2562451	Vagococcus xieshaowenii	2562451	ASM479251v1	Chinese Center for Disease Control and Prevention	2019-04-14	selector-v1-reference	OPS	1.0.0	1	b1b016891ae4e976d03606dfb2f35f74b03d21cf3ec82832f77f4d113bd622d5	005d1b674bb12719c003652c867486f83a5c860b4beb1016adf17f3c56c2d844	3ebce24ac4d1c620e9dde8c84f0c92fea9cc9e01	https://www.ncbi.nlm.nih.gov/assembly/GCA_004792515.1/
154	200	GCA_001685435.3	SAMN03571250	Salimicrobium jeotgali	1230341	Salimicrobium jeotgali	1230341	ASM168543v3	Chung-Ang university	2016-11-16	selector-v1-reference	OPS	1.0.0	1	b1b016891ae4e976d03606dfb2f35f74b03d21cf3ec82832f77f4d113bd622d5	005d1b674bb12719c003652c867486f83a5c860b4beb1016adf17f3c56c2d844	3ebce24ac4d1c620e9dde8c84f0c92fea9cc9e01	https://www.ncbi.nlm.nih.gov/assembly/GCA_001685435.3/
155	200	GCA_019457435.1	SAMN20446321	Shewanella sp. FJAT-51649	2864210	Shewanella sp. FJAT-51649	2864210	ASM1945743v1	Fujian Academy of Agricultural Sciences	2021-08-06	selector-v1-reference	OPS	1.0.0	1	b1b016891ae4e976d03606dfb2f35f74b03d21cf3ec82832f77f4d113bd622d5	005d1b674bb12719c003652c867486f83a5c860b4beb1016adf17f3c56c2d844	3ebce24ac4d1c620e9dde8c84f0c92fea9cc9e01	https://www.ncbi.nlm.nih.gov/assembly/GCA_019457435.1/
156	200	GCA_001693655.1	SAMN05390006	Ketogulonicigenium vulgare	92945	Ketogulonicigenium vulgare	92945	ASM169365v1	Tianjin University	2016-07-26	selector-v1-reference	OPS	1.0.0	1	b1b016891ae4e976d03606dfb2f35f74b03d21cf3ec82832f77f4d113bd622d5	005d1b674bb12719c003652c867486f83a5c860b4beb1016adf17f3c56c2d844	3ebce24ac4d1c620e9dde8c84f0c92fea9cc9e01	https://www.ncbi.nlm.nih.gov/assembly/GCA_001693655.1/
157	200	GCA_005862185.2	SAMN11793187	Rhizobium hidalgonense	1538159	Rhizobium hidalgonense	1538159	ASM586218v2	National Centre for Cell Science	2020-06-08	selector-v1-reference	OPS	1.0.0	1	b1b016891ae4e976d03606dfb2f35f74b03d21cf3ec82832f77f4d113bd622d5	005d1b674bb12719c003652c867486f83a5c860b4beb1016adf17f3c56c2d844	3ebce24ac4d1c620e9dde8c84f0c92fea9cc9e01	https://www.ncbi.nlm.nih.gov/assembly/GCA_005862185.2/
158	200	GCA_045039925.1	SAMN24016506	Streptomycetaceae bacterium NBC_01309	3115366	Streptomycetaceae bacterium NBC_01309	3115366	ASM4503992v1	Technical University of Denmark	2024-01-24	selector-v1-reference	OPS	1.0.0	1	b1b016891ae4e976d03606dfb2f35f74b03d21cf3ec82832f77f4d113bd622d5	005d1b674bb12719c003652c867486f83a5c860b4beb1016adf17f3c56c2d844	3ebce24ac4d1c620e9dde8c84f0c92fea9cc9e01	https://www.ncbi.nlm.nih.gov/assembly/GCA_045039925.1/
159	200	GCA_001611975.1	SAMN04456661	Haematospirillum jordaniae	1549855	Haematospirillum jordaniae	1549855	ASM161197v1	CDC	2016-04-06	selector-v1-reference	OPS	1.0.0	1	b1b016891ae4e976d03606dfb2f35f74b03d21cf3ec82832f77f4d113bd622d5	005d1b674bb12719c003652c867486f83a5c860b4beb1016adf17f3c56c2d844	3ebce24ac4d1c620e9dde8c84f0c92fea9cc9e01	https://www.ncbi.nlm.nih.gov/assembly/GCA_001611975.1/
160	200	GCA_030297135.1	SAMD00603154	Pseudoalteromonas apostichopi	3035452	Pseudoalteromonas apostichopi	3035452	ASM3029713v1	Laboratory of Microbiology, Division of Marine Life Science, Faculty of Fisheries Sciences, Hokkaido University	2023-05-12	selector-v1-reference	OPS	1.0.0	1	b1b016891ae4e976d03606dfb2f35f74b03d21cf3ec82832f77f4d113bd622d5	005d1b674bb12719c003652c867486f83a5c860b4beb1016adf17f3c56c2d844	3ebce24ac4d1c620e9dde8c84f0c92fea9cc9e01	https://www.ncbi.nlm.nih.gov/assembly/GCA_030297135.1/
161	200	GCA_001902295.1	SAMN06094710	Clostridium kluyveri	1534	Clostridium kluyveri	1534	ASM190229v1	Anhui University	2016-12-13	selector-v1-reference	OPS	1.0.0	1	b1b016891ae4e976d03606dfb2f35f74b03d21cf3ec82832f77f4d113bd622d5	005d1b674bb12719c003652c867486f83a5c860b4beb1016adf17f3c56c2d844	3ebce24ac4d1c620e9dde8c84f0c92fea9cc9e01	https://www.ncbi.nlm.nih.gov/assembly/GCA_001902295.1/
162	200	GCA_030142075.1	SAMN35250489	Arthrobacter sp. zg-Y20	2886938	Arthrobacter sp. zg-Y20	2886938	ASM3014207v1	Chinese Center for Disease Control and Prevention	2023-05-31	selector-v1-reference	OPS	1.0.0	1	b1b016891ae4e976d03606dfb2f35f74b03d21cf3ec82832f77f4d113bd622d5	005d1b674bb12719c003652c867486f83a5c860b4beb1016adf17f3c56c2d844	3ebce24ac4d1c620e9dde8c84f0c92fea9cc9e01	https://www.ncbi.nlm.nih.gov/assembly/GCA_030142075.1/
163	200	GCA_016605905.1	SAMN16561804	Streptomyces sp. XC 2026	2782004	Streptomyces sp. XC 2026	2782004	ASM1660590v1	Jiangxi Normal University	2021-01-11	selector-v1-reference	OPS	1.0.0	1	b1b016891ae4e976d03606dfb2f35f74b03d21cf3ec82832f77f4d113bd622d5	005d1b674bb12719c003652c867486f83a5c860b4beb1016adf17f3c56c2d844	3ebce24ac4d1c620e9dde8c84f0c92fea9cc9e01	https://www.ncbi.nlm.nih.gov/assembly/GCA_016605905.1/
164	200	GCA_027627435.1	SAMN32126822	Kitasatospora cathayae	3004092	Kitasatospora cathayae	3004092	ASM2762743v1	Hunan University of Arts and Science	2023-01-11	selector-v1-reference	OPS	1.0.0	1	b1b016891ae4e976d03606dfb2f35f74b03d21cf3ec82832f77f4d113bd622d5	005d1b674bb12719c003652c867486f83a5c860b4beb1016adf17f3c56c2d844	3ebce24ac4d1c620e9dde8c84f0c92fea9cc9e01	https://www.ncbi.nlm.nih.gov/assembly/GCA_027627435.1/
165	200	GCA_046850195.1	SAMN35565956	Vibrio aestuarianus subsp. francensis	1443279	Vibrio aestuarianus	28171	Roslin_Vaest_1	The Roslin Institute, University of Edinburgh	2025-01-21	selector-v1-reference	OPS	1.0.0	1	b1b016891ae4e976d03606dfb2f35f74b03d21cf3ec82832f77f4d113bd622d5	005d1b674bb12719c003652c867486f83a5c860b4beb1016adf17f3c56c2d844	3ebce24ac4d1c620e9dde8c84f0c92fea9cc9e01	https://www.ncbi.nlm.nih.gov/assembly/GCA_046850195.1/
166	200	GCA_007751035.1	SAMN10954030	Lignipirellula cremea	2528010	Lignipirellula cremea	2528010	ASM775103v1	Radboud Universiteit Nijmegen	2019-07-31	selector-v1-reference	OPS	1.0.0	1	b1b016891ae4e976d03606dfb2f35f74b03d21cf3ec82832f77f4d113bd622d5	005d1b674bb12719c003652c867486f83a5c860b4beb1016adf17f3c56c2d844	3ebce24ac4d1c620e9dde8c84f0c92fea9cc9e01	https://www.ncbi.nlm.nih.gov/assembly/GCA_007751035.1/
167	200	GCA_003595605.1	SAMN08104862	[Bacillus] caldolyticus	1394	[Bacillus] caldolyticus	1394	ASM359560v1	NEB	2017-12-28	selector-v1-reference	OPS	1.0.0	1	b1b016891ae4e976d03606dfb2f35f74b03d21cf3ec82832f77f4d113bd622d5	005d1b674bb12719c003652c867486f83a5c860b4beb1016adf17f3c56c2d844	3ebce24ac4d1c620e9dde8c84f0c92fea9cc9e01	https://www.ncbi.nlm.nih.gov/assembly/GCA_003595605.1/
168	200	GCA_003722295.1	SAMN10390430	Leptospira kmetyi	408139	Leptospira kmetyi	408139	ASM372229v1	Universiti Sains Malaysia	2018-11-13	selector-v1-reference	OPS	1.0.0	1	b1b016891ae4e976d03606dfb2f35f74b03d21cf3ec82832f77f4d113bd622d5	005d1b674bb12719c003652c867486f83a5c860b4beb1016adf17f3c56c2d844	3ebce24ac4d1c620e9dde8c84f0c92fea9cc9e01	https://www.ncbi.nlm.nih.gov/assembly/GCA_003722295.1/
169	200	GCA_000284155.1	SAMN02603558	Rickettsia australis str. Cutlack	1105110	Rickettsia australis	787	ASM28415v1	Los Alamos National Laboratory	2012-03-01	selector-v1-reference	OPS	1.0.0	1	b1b016891ae4e976d03606dfb2f35f74b03d21cf3ec82832f77f4d113bd622d5	005d1b674bb12719c003652c867486f83a5c860b4beb1016adf17f3c56c2d844	3ebce24ac4d1c620e9dde8c84f0c92fea9cc9e01	https://www.ncbi.nlm.nih.gov/assembly/GCA_000284155.1/
170	200	GCA_036227165.1	SAMN24016620	Streptomyces sp. NBC_01483	2903883	Streptomyces sp. NBC_01483	2903883	ASM3622716v1	Technical University of Denmark	2024-01-25	selector-v1-reference	OPS	1.0.0	1	b1b016891ae4e976d03606dfb2f35f74b03d21cf3ec82832f77f4d113bd622d5	005d1b674bb12719c003652c867486f83a5c860b4beb1016adf17f3c56c2d844	3ebce24ac4d1c620e9dde8c84f0c92fea9cc9e01	https://www.ncbi.nlm.nih.gov/assembly/GCA_036227165.1/
171	200	GCA_021496925.1	SAMN14968994	Acidovorax sp. YS12	2738413	Acidovorax sp. YS12	2738413	ASM2149692v1	Central South University	2022-01-18	selector-v1-reference	OPS	1.0.0	1	b1b016891ae4e976d03606dfb2f35f74b03d21cf3ec82832f77f4d113bd622d5	005d1b674bb12719c003652c867486f83a5c860b4beb1016adf17f3c56c2d844	3ebce24ac4d1c620e9dde8c84f0c92fea9cc9e01	https://www.ncbi.nlm.nih.gov/assembly/GCA_021496925.1/
172	200	GCA_025252405.1	SAMN30697779	Flavobacterium sp. TR2	2977321	Flavobacterium sp. TR2	2977321	ASM2525240v1	Hohai University	2022-09-19	selector-v1-reference	OPS	1.0.0	1	b1b016891ae4e976d03606dfb2f35f74b03d21cf3ec82832f77f4d113bd622d5	005d1b674bb12719c003652c867486f83a5c860b4beb1016adf17f3c56c2d844	3ebce24ac4d1c620e9dde8c84f0c92fea9cc9e01	https://www.ncbi.nlm.nih.gov/assembly/GCA_025252405.1/
173	200	GCA_046245125.2	SAMN45040759	Bartonella heixiaziensis	1461000	Bartonella heixiaziensis	1461000	BhRE21v2	University of Salford	2024-12-22	selector-v1-reference	OPS	1.0.0	1	b1b016891ae4e976d03606dfb2f35f74b03d21cf3ec82832f77f4d113bd622d5	005d1b674bb12719c003652c867486f83a5c860b4beb1016adf17f3c56c2d844	3ebce24ac4d1c620e9dde8c84f0c92fea9cc9e01	https://www.ncbi.nlm.nih.gov/assembly/GCA_046245125.2/
174	200	GCA_014334095.1	SAMN15817294	Novosphingopyxis iocasae	2762729	Novosphingopyxis iocasae	2762729	ASM1433409v1	Institute of Oceanology, Chinese academy of sciences	2020-08-30	selector-v1-reference	OPS	1.0.0	1	b1b016891ae4e976d03606dfb2f35f74b03d21cf3ec82832f77f4d113bd622d5	005d1b674bb12719c003652c867486f83a5c860b4beb1016adf17f3c56c2d844	3ebce24ac4d1c620e9dde8c84f0c92fea9cc9e01	https://www.ncbi.nlm.nih.gov/assembly/GCA_014334095.1/
175	200	GCA_002310835.1	SAMN03380228	Pseudoalteromonas tetraodonis	43659	Pseudoalteromonas tetraodonis	43659	ASM231083v1	Shandong University	2017-09-18	selector-v1-reference	OPS	1.0.0	1	b1b016891ae4e976d03606dfb2f35f74b03d21cf3ec82832f77f4d113bd622d5	005d1b674bb12719c003652c867486f83a5c860b4beb1016adf17f3c56c2d844	3ebce24ac4d1c620e9dde8c84f0c92fea9cc9e01	https://www.ncbi.nlm.nih.gov/assembly/GCA_002310835.1/
176	200	GCA_001983995.1	SAMN06075353	Halioglobus japonicus	930805	Halioglobus japonicus	930805	ASM198399v1	Atmosphere and Ocean Research Institute, The University of Tokyo	2017-02-03	selector-v1-reference	OPS	1.0.0	1	b1b016891ae4e976d03606dfb2f35f74b03d21cf3ec82832f77f4d113bd622d5	005d1b674bb12719c003652c867486f83a5c860b4beb1016adf17f3c56c2d844	3ebce24ac4d1c620e9dde8c84f0c92fea9cc9e01	https://www.ncbi.nlm.nih.gov/assembly/GCA_001983995.1/
177	200	GCA_029227815.1	SAMN33344477	Clostridiaceae bacterium M8S5	3035240	Clostridiaceae bacterium M8S5	3035240	ASM2922781v1	Shanghai Ocean University	2023-03-16	selector-v1-reference	OPS	1.0.0	1	b1b016891ae4e976d03606dfb2f35f74b03d21cf3ec82832f77f4d113bd622d5	005d1b674bb12719c003652c867486f83a5c860b4beb1016adf17f3c56c2d844	3ebce24ac4d1c620e9dde8c84f0c92fea9cc9e01	https://www.ncbi.nlm.nih.gov/assembly/GCA_029227815.1/
178	200	GCA_019226825.1	SAMN19522531	Vibrio ostreae	2841925	Vibrio ostreae	2841925	ASM1922682v1	Korea Research Institute of Bioscience and Biotechnology	2021-07-15	selector-v1-reference	OPS	1.0.0	1	b1b016891ae4e976d03606dfb2f35f74b03d21cf3ec82832f77f4d113bd622d5	005d1b674bb12719c003652c867486f83a5c860b4beb1016adf17f3c56c2d844	3ebce24ac4d1c620e9dde8c84f0c92fea9cc9e01	https://www.ncbi.nlm.nih.gov/assembly/GCA_019226825.1/
179	200	GCA_003595545.1	SAMN07342914	Streptomyces sp. 11-1-2	1851167	Streptomyces sp. 11-1-2	1851167	ASM359554v1	Memorial University of Newfoundland	2017-08-02	selector-v1-reference	OPS	1.0.0	1	b1b016891ae4e976d03606dfb2f35f74b03d21cf3ec82832f77f4d113bd622d5	005d1b674bb12719c003652c867486f83a5c860b4beb1016adf17f3c56c2d844	3ebce24ac4d1c620e9dde8c84f0c92fea9cc9e01	https://www.ncbi.nlm.nih.gov/assembly/GCA_003595545.1/
180	200	GCA_048005415.1	SAMN46144098	Proteus cibi	2050966	Proteus cibi	2050966	P._vulgaris_COFI-RLBCAU-III	College of Fisheries, RLBCAU	2025-02-25	selector-v1-reference	OPS	1.0.0	1	b1b016891ae4e976d03606dfb2f35f74b03d21cf3ec82832f77f4d113bd622d5	005d1b674bb12719c003652c867486f83a5c860b4beb1016adf17f3c56c2d844	3ebce24ac4d1c620e9dde8c84f0c92fea9cc9e01	https://www.ncbi.nlm.nih.gov/assembly/GCA_048005415.1/
181	200	GCA_008386395.1	SAMN12688525	Paenibacillus sp. 37	2607911	Paenibacillus sp. 37	2607911	ASM838639v1	University of Copenhagen	2019-09-15	selector-v1-reference	OPS	1.0.0	1	b1b016891ae4e976d03606dfb2f35f74b03d21cf3ec82832f77f4d113bd622d5	005d1b674bb12719c003652c867486f83a5c860b4beb1016adf17f3c56c2d844	3ebce24ac4d1c620e9dde8c84f0c92fea9cc9e01	https://www.ncbi.nlm.nih.gov/assembly/GCA_008386395.1/
182	200	GCA_004296515.1	SAMD00080338	endosymbiont of Pachyrhynchus infernalis	1971488	endosymbiont of Pachyrhynchus infernalis	1971488	ASM429651v1	The Open University of Japan	2017-10-21	selector-v1-reference	OPS	1.0.0	1	b1b016891ae4e976d03606dfb2f35f74b03d21cf3ec82832f77f4d113bd622d5	005d1b674bb12719c003652c867486f83a5c860b4beb1016adf17f3c56c2d844	3ebce24ac4d1c620e9dde8c84f0c92fea9cc9e01	https://www.ncbi.nlm.nih.gov/assembly/GCA_004296515.1/
183	200	GCA_900095885.1	SAMEA4416159	Dickeya aquatica	1401087	Dickeya aquatica	1401087	Daq1742	UCBL	2018-08-06	selector-v1-reference	OPS	1.0.0	1	b1b016891ae4e976d03606dfb2f35f74b03d21cf3ec82832f77f4d113bd622d5	005d1b674bb12719c003652c867486f83a5c860b4beb1016adf17f3c56c2d844	3ebce24ac4d1c620e9dde8c84f0c92fea9cc9e01	https://www.ncbi.nlm.nih.gov/assembly/GCA_900095885.1/
184	200	GCA_020911845.1	SAMN22864319	Pseudomonas sp. CIP-10	2892442	Pseudomonas sp. CIP-10	2892442	ASM2091184v1	Huazhong University of Science and Technology	2021-11-22	selector-v1-reference	OPS	1.0.0	1	b1b016891ae4e976d03606dfb2f35f74b03d21cf3ec82832f77f4d113bd622d5	005d1b674bb12719c003652c867486f83a5c860b4beb1016adf17f3c56c2d844	3ebce24ac4d1c620e9dde8c84f0c92fea9cc9e01	https://www.ncbi.nlm.nih.gov/assembly/GCA_020911845.1/
185	200	GCA_900637865.1	SAMEA48402418	Legionella adelaidensis	45056	Legionella adelaidensis	45056	52683_G03	SC	2018-12-20	selector-v1-reference	OPS	1.0.0	1	b1b016891ae4e976d03606dfb2f35f74b03d21cf3ec82832f77f4d113bd622d5	005d1b674bb12719c003652c867486f83a5c860b4beb1016adf17f3c56c2d844	3ebce24ac4d1c620e9dde8c84f0c92fea9cc9e01	https://www.ncbi.nlm.nih.gov/assembly/GCA_900637865.1/
186	200	GCA_002356215.1	SAMD00051107	[Synechococcus] sp. NIES-970	1827144	[Synechococcus] sp. NIES-970	1827144	ASM235621v1	National Institute for Environmental Studies	2017-02-08	selector-v1-reference	OPS	1.0.0	1	b1b016891ae4e976d03606dfb2f35f74b03d21cf3ec82832f77f4d113bd622d5	005d1b674bb12719c003652c867486f83a5c860b4beb1016adf17f3c56c2d844	3ebce24ac4d1c620e9dde8c84f0c92fea9cc9e01	https://www.ncbi.nlm.nih.gov/assembly/GCA_002356215.1/
187	200	GCA_050870795.1	SAMN48721177	Vibrio sinus	2946865	Vibrio sinus	2946865	ASM5087079v1	Ocean university of China	2025-06-10	selector-v1-reference	OPS	1.0.0	1	b1b016891ae4e976d03606dfb2f35f74b03d21cf3ec82832f77f4d113bd622d5	005d1b674bb12719c003652c867486f83a5c860b4beb1016adf17f3c56c2d844	3ebce24ac4d1c620e9dde8c84f0c92fea9cc9e01	https://www.ncbi.nlm.nih.gov/assembly/GCA_050870795.1/
188	200	GCA_020844025.1	SAMN20559762	Acidithiobacillus ferriphilus	1689834	Acidithiobacillus ferriphilus	1689834	ASM2084402v1	Lawrence Livermore National Laboratory	2021-11-12	selector-v1-reference	OPS	1.0.0	1	b1b016891ae4e976d03606dfb2f35f74b03d21cf3ec82832f77f4d113bd622d5	005d1b674bb12719c003652c867486f83a5c860b4beb1016adf17f3c56c2d844	3ebce24ac4d1c620e9dde8c84f0c92fea9cc9e01	https://www.ncbi.nlm.nih.gov/assembly/GCA_020844025.1/
189	200	GCA_016894445.1	SAMN15339575	Dyadobacter sandarakinus	2747268	Dyadobacter sandarakinus	2747268	ASM1689444v1	Wuhan University	2021-02-16	selector-v1-reference	OPS	1.0.0	1	b1b016891ae4e976d03606dfb2f35f74b03d21cf3ec82832f77f4d113bd622d5	005d1b674bb12719c003652c867486f83a5c860b4beb1016adf17f3c56c2d844	3ebce24ac4d1c620e9dde8c84f0c92fea9cc9e01	https://www.ncbi.nlm.nih.gov/assembly/GCA_016894445.1/
190	200	GCA_051903035.1	SAMN43903485	Mucilaginibacter sediminis	3349874	Mucilaginibacter sediminis	3349874	ASM5190303v1	Chung-Ang university	2025-08-08	selector-v1-reference	OPS	1.0.0	1	b1b016891ae4e976d03606dfb2f35f74b03d21cf3ec82832f77f4d113bd622d5	005d1b674bb12719c003652c867486f83a5c860b4beb1016adf17f3c56c2d844	3ebce24ac4d1c620e9dde8c84f0c92fea9cc9e01	https://www.ncbi.nlm.nih.gov/assembly/GCA_051903035.1/
191	200	GCA_011801245.1	SAMN13899375	Clavibacter capsici	1874630	Clavibacter capsici	1874630	ASM1180124v1	KyungHee University	2020-03-31	selector-v1-reference	OPS	1.0.0	1	b1b016891ae4e976d03606dfb2f35f74b03d21cf3ec82832f77f4d113bd622d5	005d1b674bb12719c003652c867486f83a5c860b4beb1016adf17f3c56c2d844	3ebce24ac4d1c620e9dde8c84f0c92fea9cc9e01	https://www.ncbi.nlm.nih.gov/assembly/GCA_011801245.1/
192	200	GCA_040589265.1	SAMN26198762	bacterium 19PA01SH03	2920705	bacterium 19PA01SH03	2920705	ASM4058926v1	FDA-CVM	2024-07-10	selector-v1-reference	OPS	1.0.0	1	b1b016891ae4e976d03606dfb2f35f74b03d21cf3ec82832f77f4d113bd622d5	005d1b674bb12719c003652c867486f83a5c860b4beb1016adf17f3c56c2d844	3ebce24ac4d1c620e9dde8c84f0c92fea9cc9e01	https://www.ncbi.nlm.nih.gov/assembly/GCA_040589265.1/
193	200	GCA_011578285.1	SAMN14278072	Acinetobacter lanii	2715163	Acinetobacter lanii	2715163	ASM1157828v1	Chinese Center for Disease Control and Prevention	2020-03-20	selector-v1-reference	OPS	1.0.0	1	b1b016891ae4e976d03606dfb2f35f74b03d21cf3ec82832f77f4d113bd622d5	005d1b674bb12719c003652c867486f83a5c860b4beb1016adf17f3c56c2d844	3ebce24ac4d1c620e9dde8c84f0c92fea9cc9e01	https://www.ncbi.nlm.nih.gov/assembly/GCA_011578285.1/
194	200	GCA_003627775.1	SAMN10118470	Rhizobium sp. CCGE532	2364272	Rhizobium sp. CCGE532	2364272	ASM362777v1	Center for Genomic Sciences	2018-10-09	selector-v1-reference	OPS	1.0.0	1	b1b016891ae4e976d03606dfb2f35f74b03d21cf3ec82832f77f4d113bd622d5	005d1b674bb12719c003652c867486f83a5c860b4beb1016adf17f3c56c2d844	3ebce24ac4d1c620e9dde8c84f0c92fea9cc9e01	https://www.ncbi.nlm.nih.gov/assembly/GCA_003627775.1/
195	200	GCA_019048745.1	SAMN16357552	Aeromonas sp. FDAARGOS 1410	2778059	Aeromonas sp. FDAARGOS 1410	2778059	ASM1904874v1	US Food and Drug Administration	2021-06-28	selector-v1-reference	OPS	1.0.0	1	b1b016891ae4e976d03606dfb2f35f74b03d21cf3ec82832f77f4d113bd622d5	005d1b674bb12719c003652c867486f83a5c860b4beb1016adf17f3c56c2d844	3ebce24ac4d1c620e9dde8c84f0c92fea9cc9e01	https://www.ncbi.nlm.nih.gov/assembly/GCA_019048745.1/
196	200	GCA_004564075.1	SAMN11180679	Microbacterium sediminis	904291	Microbacterium sediminis	904291	ASM456407v1	The Third Institute of State Oceanic Administration	2019-04-02	selector-v1-reference	OPS	1.0.0	1	b1b016891ae4e976d03606dfb2f35f74b03d21cf3ec82832f77f4d113bd622d5	005d1b674bb12719c003652c867486f83a5c860b4beb1016adf17f3c56c2d844	3ebce24ac4d1c620e9dde8c84f0c92fea9cc9e01	https://www.ncbi.nlm.nih.gov/assembly/GCA_004564075.1/
197	200	GCA_014764405.1	SAMN16176545	Micromonospora craniellae	2294034	Micromonospora craniellae	2294034	ASM1476440v1	Qilu Medical University	2020-09-27	selector-v1-reference	OPS	1.0.0	1	b1b016891ae4e976d03606dfb2f35f74b03d21cf3ec82832f77f4d113bd622d5	005d1b674bb12719c003652c867486f83a5c860b4beb1016adf17f3c56c2d844	3ebce24ac4d1c620e9dde8c84f0c92fea9cc9e01	https://www.ncbi.nlm.nih.gov/assembly/GCA_014764405.1/
198	200	GCA_049244175.1	SAMN15393827	Gardnerella sp. DNF01195	2749065	Gardnerella sp. DNF01195	2749065	ASM4924417v1	Fred Hutch	2025-04-02	selector-v1-reference	OPS	1.0.0	1	b1b016891ae4e976d03606dfb2f35f74b03d21cf3ec82832f77f4d113bd622d5	005d1b674bb12719c003652c867486f83a5c860b4beb1016adf17f3c56c2d844	3ebce24ac4d1c620e9dde8c84f0c92fea9cc9e01	https://www.ncbi.nlm.nih.gov/assembly/GCA_049244175.1/
199	200	GCA_015624505.1	SAMN16089659	Bradyrhizobium commune	83627	Bradyrhizobium commune	83627	ASM1562450v1	Universite Claude Bernard - Lyon 1	2020-11-20	selector-v1-reference	OPS	1.0.0	1	b1b016891ae4e976d03606dfb2f35f74b03d21cf3ec82832f77f4d113bd622d5	005d1b674bb12719c003652c867486f83a5c860b4beb1016adf17f3c56c2d844	3ebce24ac4d1c620e9dde8c84f0c92fea9cc9e01	https://www.ncbi.nlm.nih.gov/assembly/GCA_015624505.1/
200	200	GCA_900465355.1	SAMEA4698766	Bipolaricaulis sanaerobius (SeqCode)	2026885	Bipolaricaulis sanaerobius (SeqCode)	2026885	Ran1-1	AALBORG UNIVERSITY	2018-06-18	selector-v1-reference	OPS	1.0.0	1	b1b016891ae4e976d03606dfb2f35f74b03d21cf3ec82832f77f4d113bd622d5	005d1b674bb12719c003652c867486f83a5c860b4beb1016adf17f3c56c2d844	3ebce24ac4d1c620e9dde8c84f0c92fea9cc9e01	https://www.ncbi.nlm.nih.gov/assembly/GCA_900465355.1/
201	500	GCA_030505695.1	SAMN36316421	Halomonas alkalicola	1930622	Halomonas alkalicola	1930622	ASM3050569v1	Beijing Forestry University	2023-07-19	selector-v1-reference	OPS	1.0.0	1	b1b016891ae4e976d03606dfb2f35f74b03d21cf3ec82832f77f4d113bd622d5	005d1b674bb12719c003652c867486f83a5c860b4beb1016adf17f3c56c2d844	3ebce24ac4d1c620e9dde8c84f0c92fea9cc9e01	https://www.ncbi.nlm.nih.gov/assembly/GCA_030505695.1/
202	500	GCA_030178475.1	SAMN35453529	Curtobacterium citreum	2036	Curtobacterium citreum	2036	ASM3017847v1	Guangxi University	2023-06-06	selector-v1-reference	OPS	1.0.0	1	b1b016891ae4e976d03606dfb2f35f74b03d21cf3ec82832f77f4d113bd622d5	005d1b674bb12719c003652c867486f83a5c860b4beb1016adf17f3c56c2d844	3ebce24ac4d1c620e9dde8c84f0c92fea9cc9e01	https://www.ncbi.nlm.nih.gov/assembly/GCA_030178475.1/
203	500	GCA_001262015.1	SAMN03704035	Prevotella fusca JCM 17724	1236517	Prevotella fusca	589436	ASM126201v1	The Forsyth Institute	2015-08-06	selector-v1-reference	OPS	1.0.0	1	b1b016891ae4e976d03606dfb2f35f74b03d21cf3ec82832f77f4d113bd622d5	005d1b674bb12719c003652c867486f83a5c860b4beb1016adf17f3c56c2d844	3ebce24ac4d1c620e9dde8c84f0c92fea9cc9e01	https://www.ncbi.nlm.nih.gov/assembly/GCA_001262015.1/
204	500	GCA_036346595.1	SAMN24016243	Streptomyces sp. NBC_00525	2903660	Streptomyces sp. NBC_00525	2903660	ASM3634659v1	Technical University of Denmark	2024-02-02	selector-v1-reference	OPS	1.0.0	1	b1b016891ae4e976d03606dfb2f35f74b03d21cf3ec82832f77f4d113bd622d5	005d1b674bb12719c003652c867486f83a5c860b4beb1016adf17f3c56c2d844	3ebce24ac4d1c620e9dde8c84f0c92fea9cc9e01	https://www.ncbi.nlm.nih.gov/assembly/GCA_036346595.1/
205	500	GCA_003953885.1	SAMN10135941	Halocella sp. SP3-1	2382161	Halocella sp. SP3-1	2382161	ASM395388v1	King Mongkut's University of Technology Thonburi	2018-12-18	selector-v1-reference	OPS	1.0.0	1	b1b016891ae4e976d03606dfb2f35f74b03d21cf3ec82832f77f4d113bd622d5	005d1b674bb12719c003652c867486f83a5c860b4beb1016adf17f3c56c2d844	3ebce24ac4d1c620e9dde8c84f0c92fea9cc9e01	https://www.ncbi.nlm.nih.gov/assembly/GCA_003953885.1/
206	500	GCA_031326345.1	SAMN35563658	Aureispira sp. CCB-E	3051121	Aureispira sp. CCB-E	3051121	ASM3132634v1	Universiti Sains Malaysia	2023-09-11	selector-v1-reference	OPS	1.0.0	1	b1b016891ae4e976d03606dfb2f35f74b03d21cf3ec82832f77f4d113bd622d5	005d1b674bb12719c003652c867486f83a5c860b4beb1016adf17f3c56c2d844	3ebce24ac4d1c620e9dde8c84f0c92fea9cc9e01	https://www.ncbi.nlm.nih.gov/assembly/GCA_031326345.1/
207	500	GCA_011516625.5	SAMN14360511	Bradyrhizobium sp. 2S1	1404429	Bradyrhizobium sp. 2S1	1404429	ASM1151662v5	Agriculture and Agri-Food Canada	2024-04-01	selector-v1-reference	OPS	1.0.0	1	b1b016891ae4e976d03606dfb2f35f74b03d21cf3ec82832f77f4d113bd622d5	005d1b674bb12719c003652c867486f83a5c860b4beb1016adf17f3c56c2d844	3ebce24ac4d1c620e9dde8c84f0c92fea9cc9e01	https://www.ncbi.nlm.nih.gov/assembly/GCA_011516625.5/
208	500	GCA_023380265.1	SAMN26370965	Bombilactobacillus folatiphilus	2923362	Bombilactobacillus folatiphilus	2923362	ASM2338026v1	The University of Adelaide	2022-05-17	selector-v1-reference	OPS	1.0.0	1	b1b016891ae4e976d03606dfb2f35f74b03d21cf3ec82832f77f4d113bd622d5	005d1b674bb12719c003652c867486f83a5c860b4beb1016adf17f3c56c2d844	3ebce24ac4d1c620e9dde8c84f0c92fea9cc9e01	https://www.ncbi.nlm.nih.gov/assembly/GCA_023380265.1/
209	500	GCA_050156935.1	SAMN48102446	Pseudarthrobacter sp. P1	3418418	Pseudarthrobacter sp. P1	3418418	ASM5015693v1	Wuhan University	2025-05-05	selector-v1-reference	OPS	1.0.0	1	b1b016891ae4e976d03606dfb2f35f74b03d21cf3ec82832f77f4d113bd622d5	005d1b674bb12719c003652c867486f83a5c860b4beb1016adf17f3c56c2d844	3ebce24ac4d1c620e9dde8c84f0c92fea9cc9e01	https://www.ncbi.nlm.nih.gov/assembly/GCA_050156935.1/
210	500	GCA_024346995.1	SAMD00393689	Vibrio palustris	1918946	Vibrio palustris	1918946	ASM2434699v1	Laboratory of Microbiology, Division of Marine Life Science, Faculty of Fisheries Sciences, Hokkaido University	2022-07-13	selector-v1-reference	OPS	1.0.0	1	b1b016891ae4e976d03606dfb2f35f74b03d21cf3ec82832f77f4d113bd622d5	005d1b674bb12719c003652c867486f83a5c860b4beb1016adf17f3c56c2d844	3ebce24ac4d1c620e9dde8c84f0c92fea9cc9e01	https://www.ncbi.nlm.nih.gov/assembly/GCA_024346995.1/
211	500	GCA_014084005.1	SAMN13656845	Brucella sp. BO3	2691913	Brucella sp. BO3	2691913	ASM1408400v1	Northern Arizona University	2020-08-06	selector-v1-reference	OPS	1.0.0	1	b1b016891ae4e976d03606dfb2f35f74b03d21cf3ec82832f77f4d113bd622d5	005d1b674bb12719c003652c867486f83a5c860b4beb1016adf17f3c56c2d844	3ebce24ac4d1c620e9dde8c84f0c92fea9cc9e01	https://www.ncbi.nlm.nih.gov/assembly/GCA_014084005.1/
212	500	GCA_030296895.1	SAMD00595369	Helicobacter felistomachi	3040201	Helicobacter felistomachi	3040201	ASM3029689v1	AMR Research Center, National Institute of Infectious Diseases	2023-04-14	selector-v1-reference	OPS	1.0.0	1	b1b016891ae4e976d03606dfb2f35f74b03d21cf3ec82832f77f4d113bd622d5	005d1b674bb12719c003652c867486f83a5c860b4beb1016adf17f3c56c2d844	3ebce24ac4d1c620e9dde8c84f0c92fea9cc9e01	https://www.ncbi.nlm.nih.gov/assembly/GCA_030296895.1/
213	500	GCA_000010085.1	SAMD00061079	Sodalis glossinidius str. 'morsitans'	343509	Sodalis glossinidius	63612	ASM1008v1	Kitasato Institute for Life Sciences, Japan	2006-01-10	selector-v1-reference	OPS	1.0.0	1	b1b016891ae4e976d03606dfb2f35f74b03d21cf3ec82832f77f4d113bd622d5	005d1b674bb12719c003652c867486f83a5c860b4beb1016adf17f3c56c2d844	3ebce24ac4d1c620e9dde8c84f0c92fea9cc9e01	https://www.ncbi.nlm.nih.gov/assembly/GCA_000010085.1/
214	500	GCA_003798325.1	SAMN10228556	Propionibacterium acidifaciens	556499	Propionibacterium acidifaciens	556499	ASM379832v1	US Food and Drug Administration	2018-11-20	selector-v1-reference	OPS	1.0.0	1	b1b016891ae4e976d03606dfb2f35f74b03d21cf3ec82832f77f4d113bd622d5	005d1b674bb12719c003652c867486f83a5c860b4beb1016adf17f3c56c2d844	3ebce24ac4d1c620e9dde8c84f0c92fea9cc9e01	https://www.ncbi.nlm.nih.gov/assembly/GCA_003798325.1/
215	500	GCA_050949235.1	SAMN42902633	Streptosporangium sp. CA-135522	3240072	Streptosporangium sp. CA-135522	3240072	MDNA_WGS_229_assembly	Technical University of Denmark	2025-06-17	selector-v1-reference	OPS	1.0.0	1	b1b016891ae4e976d03606dfb2f35f74b03d21cf3ec82832f77f4d113bd622d5	005d1b674bb12719c003652c867486f83a5c860b4beb1016adf17f3c56c2d844	3ebce24ac4d1c620e9dde8c84f0c92fea9cc9e01	https://www.ncbi.nlm.nih.gov/assembly/GCA_050949235.1/
216	500	GCA_000007485.1	SAMN02603248	Tropheryma whipplei str. Twist	203267	Tropheryma whipplei	2039	ASM748v1	Genoscope	2003-02-24	selector-v1-reference	OPS	1.0.0	1	b1b016891ae4e976d03606dfb2f35f74b03d21cf3ec82832f77f4d113bd622d5	005d1b674bb12719c003652c867486f83a5c860b4beb1016adf17f3c56c2d844	3ebce24ac4d1c620e9dde8c84f0c92fea9cc9e01	https://www.ncbi.nlm.nih.gov/assembly/GCA_000007485.1/
217	500	GCA_009937975.1	SAMD00106804	Undibacterium sp. YM2	2058625	Undibacterium sp. YM2	2058625	ASM993797v1	Department of Material and Environmental Chemistry, Graduate School of Engineering, Utsunomiya University	2020-01-16	selector-v1-reference	OPS	1.0.0	1	b1b016891ae4e976d03606dfb2f35f74b03d21cf3ec82832f77f4d113bd622d5	005d1b674bb12719c003652c867486f83a5c860b4beb1016adf17f3c56c2d844	3ebce24ac4d1c620e9dde8c84f0c92fea9cc9e01	https://www.ncbi.nlm.nih.gov/assembly/GCA_009937975.1/
218	500	GCA_045041065.1	SAMN30552876	Streptomyces sp. NBC_00028	2975624	Streptomyces sp. NBC_00028	2975624	ASM4504106v1	Technical University of Denmark	2024-01-24	selector-v1-reference	OPS	1.0.0	1	b1b016891ae4e976d03606dfb2f35f74b03d21cf3ec82832f77f4d113bd622d5	005d1b674bb12719c003652c867486f83a5c860b4beb1016adf17f3c56c2d844	3ebce24ac4d1c620e9dde8c84f0c92fea9cc9e01	https://www.ncbi.nlm.nih.gov/assembly/GCA_045041065.1/
219	500	GCA_025560745.1	SAMN24424145	Burkholderia sp. S-53	2906514	Burkholderia sp. S-53	2906514	ASM2556074v1	Shandong University	2022-10-04	selector-v1-reference	OPS	1.0.0	1	b1b016891ae4e976d03606dfb2f35f74b03d21cf3ec82832f77f4d113bd622d5	005d1b674bb12719c003652c867486f83a5c860b4beb1016adf17f3c56c2d844	3ebce24ac4d1c620e9dde8c84f0c92fea9cc9e01	https://www.ncbi.nlm.nih.gov/assembly/GCA_025560745.1/
220	500	GCA_001308105.1	SAMN04120646	Persicobacter sp. JZB09	1085624	Persicobacter sp. JZB09	1085624	ASM130810v1	Shandong University	2015-10-08	selector-v1-reference	OPS	1.0.0	1	b1b016891ae4e976d03606dfb2f35f74b03d21cf3ec82832f77f4d113bd622d5	005d1b674bb12719c003652c867486f83a5c860b4beb1016adf17f3c56c2d844	3ebce24ac4d1c620e9dde8c84f0c92fea9cc9e01	https://www.ncbi.nlm.nih.gov/assembly/GCA_001308105.1/
221	500	GCA_030167965.1	SAMN27191767	Streptomyces sp. 2P-4	2931974	Streptomyces sp. 2P-4	2931974	ASM3016796v1	Zhejiang Pharmaceutical University	2023-06-05	selector-v1-reference	OPS	1.0.0	1	b1b016891ae4e976d03606dfb2f35f74b03d21cf3ec82832f77f4d113bd622d5	005d1b674bb12719c003652c867486f83a5c860b4beb1016adf17f3c56c2d844	3ebce24ac4d1c620e9dde8c84f0c92fea9cc9e01	https://www.ncbi.nlm.nih.gov/assembly/GCA_030167965.1/
222	500	GCA_003667765.1	SAMN10146798	Mesobacillus foraminis	279826	Mesobacillus foraminis	279826	ASM366776v1	King Abdullah University of Science and Technology	2018-10-21	selector-v1-reference	OPS	1.0.0	1	b1b016891ae4e976d03606dfb2f35f74b03d21cf3ec82832f77f4d113bd622d5	005d1b674bb12719c003652c867486f83a5c860b4beb1016adf17f3c56c2d844	3ebce24ac4d1c620e9dde8c84f0c92fea9cc9e01	https://www.ncbi.nlm.nih.gov/assembly/GCA_003667765.1/
223	500	GCA_024220175.1	SAMN28745336	Paraconexibacter antarcticus	2949664	Paraconexibacter antarcticus	2949664	ASM2422017v1	Wuhan University	2022-07-12	selector-v1-reference	OPS	1.0.0	1	b1b016891ae4e976d03606dfb2f35f74b03d21cf3ec82832f77f4d113bd622d5	005d1b674bb12719c003652c867486f83a5c860b4beb1016adf17f3c56c2d844	3ebce24ac4d1c620e9dde8c84f0c92fea9cc9e01	https://www.ncbi.nlm.nih.gov/assembly/GCA_024220175.1/
224	500	GCA_004114955.1	SAMN03459144	Bradyrhizobium guangzhouense	1325095	Bradyrhizobium guangzhouense	1325095	ASM411495v1	China Agricultural University	2019-01-28	selector-v1-reference	OPS	1.0.0	1	b1b016891ae4e976d03606dfb2f35f74b03d21cf3ec82832f77f4d113bd622d5	005d1b674bb12719c003652c867486f83a5c860b4beb1016adf17f3c56c2d844	3ebce24ac4d1c620e9dde8c84f0c92fea9cc9e01	https://www.ncbi.nlm.nih.gov/assembly/GCA_004114955.1/
225	500	GCA_047041125.1	SAMN45939254	Gordonia sp. LUNF6	3388658	Gordonia sp. LUNF6	3388658	ASM4704112v1	Langfang Normal University	2025-01-23	selector-v1-reference	OPS	1.0.0	1	b1b016891ae4e976d03606dfb2f35f74b03d21cf3ec82832f77f4d113bd622d5	005d1b674bb12719c003652c867486f83a5c860b4beb1016adf17f3c56c2d844	3ebce24ac4d1c620e9dde8c84f0c92fea9cc9e01	https://www.ncbi.nlm.nih.gov/assembly/GCA_047041125.1/
226	500	GCA_030296575.1	SAMD00582110	Paraoerskovia sediminicola	1138587	Paraoerskovia sediminicola	1138587	ASM3029657v1	WFCC-MIRCEN World Data Centre for Microorganisms (WDCM)	2023-03-24	selector-v1-reference	OPS	1.0.0	1	b1b016891ae4e976d03606dfb2f35f74b03d21cf3ec82832f77f4d113bd622d5	005d1b674bb12719c003652c867486f83a5c860b4beb1016adf17f3c56c2d844	3ebce24ac4d1c620e9dde8c84f0c92fea9cc9e01	https://www.ncbi.nlm.nih.gov/assembly/GCA_030296575.1/
227	500	GCA_002893765.1	SAMN08295148	Pseudotamlana carrageenivorans	2069432	Pseudotamlana carrageenivorans	2069432	ASM289376v1	National Marine Biodiversity Institute of Korea	2018-01-21	selector-v1-reference	OPS	1.0.0	1	b1b016891ae4e976d03606dfb2f35f74b03d21cf3ec82832f77f4d113bd622d5	005d1b674bb12719c003652c867486f83a5c860b4beb1016adf17f3c56c2d844	3ebce24ac4d1c620e9dde8c84f0c92fea9cc9e01	https://www.ncbi.nlm.nih.gov/assembly/GCA_002893765.1/
228	500	GCA_028609805.1	SAMN13404539	Corynebacterium massiliense DSM 45435	1121364	Corynebacterium massiliense	441501	ASM2860980v1	Uni Bielefeld	2023-02-13	selector-v1-reference	OPS	1.0.0	1	b1b016891ae4e976d03606dfb2f35f74b03d21cf3ec82832f77f4d113bd622d5	005d1b674bb12719c003652c867486f83a5c860b4beb1016adf17f3c56c2d844	3ebce24ac4d1c620e9dde8c84f0c92fea9cc9e01	https://www.ncbi.nlm.nih.gov/assembly/GCA_028609805.1/
229	500	GCA_045276905.1	SAMN24016389	Streptomyces sp. NBC_01108	2903751	Streptomyces sp. NBC_01108	2903751	ASM4527690v1	Technical University of Denmark	2024-01-23	selector-v1-reference	OPS	1.0.0	1	b1b016891ae4e976d03606dfb2f35f74b03d21cf3ec82832f77f4d113bd622d5	005d1b674bb12719c003652c867486f83a5c860b4beb1016adf17f3c56c2d844	3ebce24ac4d1c620e9dde8c84f0c92fea9cc9e01	https://www.ncbi.nlm.nih.gov/assembly/GCA_045276905.1/
230	500	GCA_019343105.1	SAMN18571172	Methylovirgula sp. HY1	2822761	Methylovirgula sp. HY1	2822761	ASM1934310v1	Chung-Buk National Univiersity	2021-07-26	selector-v1-reference	OPS	1.0.0	1	b1b016891ae4e976d03606dfb2f35f74b03d21cf3ec82832f77f4d113bd622d5	005d1b674bb12719c003652c867486f83a5c860b4beb1016adf17f3c56c2d844	3ebce24ac4d1c620e9dde8c84f0c92fea9cc9e01	https://www.ncbi.nlm.nih.gov/assembly/GCA_019343105.1/
231	500	GCA_014863525.1	SAMN16277625	Brevibacterium sp. JNUCC-42	2777985	Brevibacterium sp. JNUCC-42	2777985	ASM1486352v1	Jeju National University	2020-10-08	selector-v1-reference	OPS	1.0.0	1	b1b016891ae4e976d03606dfb2f35f74b03d21cf3ec82832f77f4d113bd622d5	005d1b674bb12719c003652c867486f83a5c860b4beb1016adf17f3c56c2d844	3ebce24ac4d1c620e9dde8c84f0c92fea9cc9e01	https://www.ncbi.nlm.nih.gov/assembly/GCA_014863525.1/
232	500	GCA_025144335.1	SAMN20691752	Jannaschia sp. W003	2867012	Jannaschia sp. W003	2867012	ASM2514433v1	Ocean University of China	2022-09-12	selector-v1-reference	OPS	1.0.0	1	b1b016891ae4e976d03606dfb2f35f74b03d21cf3ec82832f77f4d113bd622d5	005d1b674bb12719c003652c867486f83a5c860b4beb1016adf17f3c56c2d844	3ebce24ac4d1c620e9dde8c84f0c92fea9cc9e01	https://www.ncbi.nlm.nih.gov/assembly/GCA_025144335.1/
233	500	GCA_009363775.1	SAMN11996108	Pseudoalteromonas sp. THAF3	2587843	Pseudoalteromonas sp. THAF3	2587843	ASM936377v1	Uni Bielefeld	2019-10-28	selector-v1-reference	OPS	1.0.0	1	b1b016891ae4e976d03606dfb2f35f74b03d21cf3ec82832f77f4d113bd622d5	005d1b674bb12719c003652c867486f83a5c860b4beb1016adf17f3c56c2d844	3ebce24ac4d1c620e9dde8c84f0c92fea9cc9e01	https://www.ncbi.nlm.nih.gov/assembly/GCA_009363775.1/
234	500	GCA_965246865.1	SAMEA115832218	[Borrelia] lusitaniae	100177	[Borrelia] lusitaniae	100177	IMI_tick-7-1	Insititute of Microbiology and Immunology, Faculty of Medicine, University of Ljubljana	2025-04-16	selector-v1-reference	OPS	1.0.0	1	b1b016891ae4e976d03606dfb2f35f74b03d21cf3ec82832f77f4d113bd622d5	005d1b674bb12719c003652c867486f83a5c860b4beb1016adf17f3c56c2d844	3ebce24ac4d1c620e9dde8c84f0c92fea9cc9e01	https://www.ncbi.nlm.nih.gov/assembly/GCA_965246865.1/
235	500	GCA_036178145.1	SAMN24016206	Streptomyces sp. NBC_00273	2903644	Streptomyces sp. NBC_00273	2903644	ASM3617814v1	Technical University of Denmark	2024-01-25	selector-v1-reference	OPS	1.0.0	1	b1b016891ae4e976d03606dfb2f35f74b03d21cf3ec82832f77f4d113bd622d5	005d1b674bb12719c003652c867486f83a5c860b4beb1016adf17f3c56c2d844	3ebce24ac4d1c620e9dde8c84f0c92fea9cc9e01	https://www.ncbi.nlm.nih.gov/assembly/GCA_036178145.1/
236	500	GCA_040448525.1	SAMN41801343	Arthrobacter sp. K5	2839623	Arthrobacter sp. K5	2839623	ASM4044852v1	Anhui Agricultural University	2024-07-02	selector-v1-reference	OPS	1.0.0	1	b1b016891ae4e976d03606dfb2f35f74b03d21cf3ec82832f77f4d113bd622d5	005d1b674bb12719c003652c867486f83a5c860b4beb1016adf17f3c56c2d844	3ebce24ac4d1c620e9dde8c84f0c92fea9cc9e01	https://www.ncbi.nlm.nih.gov/assembly/GCA_040448525.1/
237	500	GCA_018200035.1	SAMN18805703	Sulfitobacter albidus	2829501	Sulfitobacter albidus	2829501	ASM1820003v1	Jeju National University	2021-04-29	selector-v1-reference	OPS	1.0.0	1	b1b016891ae4e976d03606dfb2f35f74b03d21cf3ec82832f77f4d113bd622d5	005d1b674bb12719c003652c867486f83a5c860b4beb1016adf17f3c56c2d844	3ebce24ac4d1c620e9dde8c84f0c92fea9cc9e01	https://www.ncbi.nlm.nih.gov/assembly/GCA_018200035.1/
238	500	GCA_001713435.1	SAMN04909709	Blastomonas sp. RAC04	1842535	Blastomonas sp. RAC04	1842535	ASM171343v1	Los Alamos National Laboratory	2016-08-25	selector-v1-reference	OPS	1.0.0	1	b1b016891ae4e976d03606dfb2f35f74b03d21cf3ec82832f77f4d113bd622d5	005d1b674bb12719c003652c867486f83a5c860b4beb1016adf17f3c56c2d844	3ebce24ac4d1c620e9dde8c84f0c92fea9cc9e01	https://www.ncbi.nlm.nih.gov/assembly/GCA_001713435.1/
239	500	GCA_002313045.1	SAMN05751580	Macrococcus sp. IME1552	1898474	Macrococcus sp. IME1552	1898474	ASM231304v1	Beijing Institute of Microbiology and Epidemiology	2017-09-19	selector-v1-reference	OPS	1.0.0	1	b1b016891ae4e976d03606dfb2f35f74b03d21cf3ec82832f77f4d113bd622d5	005d1b674bb12719c003652c867486f83a5c860b4beb1016adf17f3c56c2d844	3ebce24ac4d1c620e9dde8c84f0c92fea9cc9e01	https://www.ncbi.nlm.nih.gov/assembly/GCA_002313045.1/
240	500	GCA_022870985.1	SAMN24043408	Kingella potus	265175	Kingella potus	265175	ASM2287098v1	INRS-Centre Armand-Frappier Sante Biotechnologie	2022-04-11	selector-v1-reference	OPS	1.0.0	1	b1b016891ae4e976d03606dfb2f35f74b03d21cf3ec82832f77f4d113bd622d5	005d1b674bb12719c003652c867486f83a5c860b4beb1016adf17f3c56c2d844	3ebce24ac4d1c620e9dde8c84f0c92fea9cc9e01	https://www.ncbi.nlm.nih.gov/assembly/GCA_022870985.1/
241	500	GCA_045207455.1	SAMN30553277	Nocardia sp. NBC_00881	2975995	Nocardia sp. NBC_00881	2975995	ASM4520745v1	Technical University of Denmark	2024-01-23	selector-v1-reference	OPS	1.0.0	1	b1b016891ae4e976d03606dfb2f35f74b03d21cf3ec82832f77f4d113bd622d5	005d1b674bb12719c003652c867486f83a5c860b4beb1016adf17f3c56c2d844	3ebce24ac4d1c620e9dde8c84f0c92fea9cc9e01	https://www.ncbi.nlm.nih.gov/assembly/GCA_045207455.1/
242	500	GCA_004291175.2	SAMN09259159	Staphylococcus saccharolyticus	33028	Staphylococcus saccharolyticus	33028	ASM429117v2	Aarhus University	2021-02-09	selector-v1-reference	OPS	1.0.0	1	b1b016891ae4e976d03606dfb2f35f74b03d21cf3ec82832f77f4d113bd622d5	005d1b674bb12719c003652c867486f83a5c860b4beb1016adf17f3c56c2d844	3ebce24ac4d1c620e9dde8c84f0c92fea9cc9e01	https://www.ncbi.nlm.nih.gov/assembly/GCA_004291175.2/
243	500	GCA_014905135.1	SAMN12229591	Sulfurimonas paralvinellae	317658	Sulfurimonas paralvinellae	317658	ASM1490513v1	Third institute of oceanography, State Oceanic Administration	2020-10-21	selector-v1-reference	OPS	1.0.0	1	b1b016891ae4e976d03606dfb2f35f74b03d21cf3ec82832f77f4d113bd622d5	005d1b674bb12719c003652c867486f83a5c860b4beb1016adf17f3c56c2d844	3ebce24ac4d1c620e9dde8c84f0c92fea9cc9e01	https://www.ncbi.nlm.nih.gov/assembly/GCA_014905135.1/
244	500	GCA_023278385.1	SAMN19229620	Rhodococcus ruber	1830	Rhodococcus ruber	1830	ASM2327838v1	Zhejiang University	2022-05-09	selector-v1-reference	OPS	1.0.0	1	b1b016891ae4e976d03606dfb2f35f74b03d21cf3ec82832f77f4d113bd622d5	005d1b674bb12719c003652c867486f83a5c860b4beb1016adf17f3c56c2d844	3ebce24ac4d1c620e9dde8c84f0c92fea9cc9e01	https://www.ncbi.nlm.nih.gov/assembly/GCA_023278385.1/
245	500	GCA_011397115.1	SAMD00198474	Enterococcus saigonensis	1805431	Enterococcus saigonensis	1805431	ASM1139711v1	Osaka Institute of Public Health	2020-02-26	selector-v1-reference	OPS	1.0.0	1	b1b016891ae4e976d03606dfb2f35f74b03d21cf3ec82832f77f4d113bd622d5	005d1b674bb12719c003652c867486f83a5c860b4beb1016adf17f3c56c2d844	3ebce24ac4d1c620e9dde8c84f0c92fea9cc9e01	https://www.ncbi.nlm.nih.gov/assembly/GCA_011397115.1/
246	500	GCA_029873535.1	SAMN34236249	Arsenophonus nasoniae	638	Arsenophonus nasoniae	638	ASM2987353v1	University of Liverpool	2023-04-26	selector-v1-reference	OPS	1.0.0	1	b1b016891ae4e976d03606dfb2f35f74b03d21cf3ec82832f77f4d113bd622d5	005d1b674bb12719c003652c867486f83a5c860b4beb1016adf17f3c56c2d844	3ebce24ac4d1c620e9dde8c84f0c92fea9cc9e01	https://www.ncbi.nlm.nih.gov/assembly/GCA_029873535.1/
247	500	GCA_000020625.1	SAMN02598281	Prosthecochloris aestuarii DSM 271	290512	Prosthecochloris aestuarii	1102	ASM2062v1	US DOE Joint Genome Institute	2008-07-18	selector-v1-reference	OPS	1.0.0	1	b1b016891ae4e976d03606dfb2f35f74b03d21cf3ec82832f77f4d113bd622d5	005d1b674bb12719c003652c867486f83a5c860b4beb1016adf17f3c56c2d844	3ebce24ac4d1c620e9dde8c84f0c92fea9cc9e01	https://www.ncbi.nlm.nih.gov/assembly/GCA_000020625.1/
248	500	GCA_027474825.2	SAMN30960131	Maribacter halichondriae	2980554	Maribacter halichondriae	2980554	ASM2747482v2	GEOMAR Helmholtz Center for Ocean Research Kiel	2023-01-23	selector-v1-reference	OPS	1.0.0	1	b1b016891ae4e976d03606dfb2f35f74b03d21cf3ec82832f77f4d113bd622d5	005d1b674bb12719c003652c867486f83a5c860b4beb1016adf17f3c56c2d844	3ebce24ac4d1c620e9dde8c84f0c92fea9cc9e01	https://www.ncbi.nlm.nih.gov/assembly/GCA_027474825.2/
249	500	GCA_008087625.1	SAMN10980024	Aquisphaera giovannonii	406548	Aquisphaera giovannonii	406548	ASM808762v1	Radboud Universiteit Nijmegen	2019-08-26	selector-v1-reference	OPS	1.0.0	1	b1b016891ae4e976d03606dfb2f35f74b03d21cf3ec82832f77f4d113bd622d5	005d1b674bb12719c003652c867486f83a5c860b4beb1016adf17f3c56c2d844	3ebce24ac4d1c620e9dde8c84f0c92fea9cc9e01	https://www.ncbi.nlm.nih.gov/assembly/GCA_008087625.1/
250	500	GCA_000012145.1	SAMN02603143	Rickettsia felis Marseille-URRWFXCal2	315456	Rickettsia felis	42862	ASM1214v1	CNRS	2005-06-07	selector-v1-reference	OPS	1.0.0	1	b1b016891ae4e976d03606dfb2f35f74b03d21cf3ec82832f77f4d113bd622d5	005d1b674bb12719c003652c867486f83a5c860b4beb1016adf17f3c56c2d844	3ebce24ac4d1c620e9dde8c84f0c92fea9cc9e01	https://www.ncbi.nlm.nih.gov/assembly/GCA_000012145.1/
251	500	GCA_050988725.1	SAMN41551872	Ralstonia wenshanensis	2842456	Ralstonia wenshanensis	2842456	ASM5098872v1	College of Resources and Environmental science	2025-06-17	selector-v1-reference	OPS	1.0.0	1	b1b016891ae4e976d03606dfb2f35f74b03d21cf3ec82832f77f4d113bd622d5	005d1b674bb12719c003652c867486f83a5c860b4beb1016adf17f3c56c2d844	3ebce24ac4d1c620e9dde8c84f0c92fea9cc9e01	https://www.ncbi.nlm.nih.gov/assembly/GCA_050988725.1/
252	500	GCA_019977835.1	SAMD00318915	Vibrio penaeicida	104609	Vibrio penaeicida	104609	ASM1997783v1	Laboratory of Genome Science Graduate School of Marine Science and Technology, Tokyo University of Marine Science and Technology	2021-09-09	selector-v1-reference	OPS	1.0.0	1	b1b016891ae4e976d03606dfb2f35f74b03d21cf3ec82832f77f4d113bd622d5	005d1b674bb12719c003652c867486f83a5c860b4beb1016adf17f3c56c2d844	3ebce24ac4d1c620e9dde8c84f0c92fea9cc9e01	https://www.ncbi.nlm.nih.gov/assembly/GCA_019977835.1/
253	500	GCA_900660665.1	SAMEA104210789	Mycoplasmopsis maculosa	114885	Mycoplasmopsis maculosa	114885	57612_D01-3	SC	2019-01-29	selector-v1-reference	OPS	1.0.0	1	b1b016891ae4e976d03606dfb2f35f74b03d21cf3ec82832f77f4d113bd622d5	005d1b674bb12719c003652c867486f83a5c860b4beb1016adf17f3c56c2d844	3ebce24ac4d1c620e9dde8c84f0c92fea9cc9e01	https://www.ncbi.nlm.nih.gov/assembly/GCA_900660665.1/
254	500	GCA_045206285.1	SAMN30552938	Streptomyces sp. NBC_00161	2975671	Streptomyces sp. NBC_00161	2975671	ASM4520628v1	Technical University of Denmark	2024-01-24	selector-v1-reference	OPS	1.0.0	1	b1b016891ae4e976d03606dfb2f35f74b03d21cf3ec82832f77f4d113bd622d5	005d1b674bb12719c003652c867486f83a5c860b4beb1016adf17f3c56c2d844	3ebce24ac4d1c620e9dde8c84f0c92fea9cc9e01	https://www.ncbi.nlm.nih.gov/assembly/GCA_045206285.1/
255	500	GCA_019134595.1	SAMN19682664	Pseudoalteromonas shioyasakiensis	1190813	Pseudoalteromonas shioyasakiensis	1190813	ASM1913459v1	Xiamen University	2021-07-06	selector-v1-reference	OPS	1.0.0	1	b1b016891ae4e976d03606dfb2f35f74b03d21cf3ec82832f77f4d113bd622d5	005d1b674bb12719c003652c867486f83a5c860b4beb1016adf17f3c56c2d844	3ebce24ac4d1c620e9dde8c84f0c92fea9cc9e01	https://www.ncbi.nlm.nih.gov/assembly/GCA_019134595.1/
256	500	GCA_000093025.1	SAMN02598526	Methylotenera versatilis 301	666681	Methylotenera versatilis	1055487	ASM9302v1	US DOE Joint Genome Institute	2010-06-01	selector-v1-reference	OPS	1.0.0	1	b1b016891ae4e976d03606dfb2f35f74b03d21cf3ec82832f77f4d113bd622d5	005d1b674bb12719c003652c867486f83a5c860b4beb1016adf17f3c56c2d844	3ebce24ac4d1c620e9dde8c84f0c92fea9cc9e01	https://www.ncbi.nlm.nih.gov/assembly/GCA_000093025.1/
257	500	GCA_050948485.1	SAMN42902617	Pseudonocardia halophobica	29401	Pseudonocardia halophobica	29401	MDNA_WGS_208_assembly	Technical University of Denmark	2025-06-17	selector-v1-reference	OPS	1.0.0	1	b1b016891ae4e976d03606dfb2f35f74b03d21cf3ec82832f77f4d113bd622d5	005d1b674bb12719c003652c867486f83a5c860b4beb1016adf17f3c56c2d844	3ebce24ac4d1c620e9dde8c84f0c92fea9cc9e01	https://www.ncbi.nlm.nih.gov/assembly/GCA_050948485.1/
258	500	GCA_003288315.1	SAMN07138891	Roseovarius sp. AK1035	2203213	Roseovarius sp. TM1035	391613	ASM328831v1	University of California, Irvine	2018-07-05	selector-v1-reference	OPS	1.0.0	1	b1b016891ae4e976d03606dfb2f35f74b03d21cf3ec82832f77f4d113bd622d5	005d1b674bb12719c003652c867486f83a5c860b4beb1016adf17f3c56c2d844	3ebce24ac4d1c620e9dde8c84f0c92fea9cc9e01	https://www.ncbi.nlm.nih.gov/assembly/GCA_003288315.1/
259	500	GCA_014083885.1	SAMN13182598	Devosia sp. D6-9	2664417	Devosia sp. D6-9	2664417	ASM1408388v1	Huazhong agricultural university	2020-08-06	selector-v1-reference	OPS	1.0.0	1	b1b016891ae4e976d03606dfb2f35f74b03d21cf3ec82832f77f4d113bd622d5	005d1b674bb12719c003652c867486f83a5c860b4beb1016adf17f3c56c2d844	3ebce24ac4d1c620e9dde8c84f0c92fea9cc9e01	https://www.ncbi.nlm.nih.gov/assembly/GCA_014083885.1/
260	500	GCA_047323925.1	SAMN45153803	Pseudidiomarina salilacus	3384452	Pseudidiomarina salilacus	3384452	ASM4732392v1	Yuncheng University	2025-01-30	selector-v1-reference	OPS	1.0.0	1	b1b016891ae4e976d03606dfb2f35f74b03d21cf3ec82832f77f4d113bd622d5	005d1b674bb12719c003652c867486f83a5c860b4beb1016adf17f3c56c2d844	3ebce24ac4d1c620e9dde8c84f0c92fea9cc9e01	https://www.ncbi.nlm.nih.gov/assembly/GCA_047323925.1/
261	500	GCA_034371605.1	SAMN38477429	Limimaricola variabilis	1492771	Limimaricola variabilis	1492771	ASM3437160v1	Gloucester Marine Genomics Institute	2023-12-14	selector-v1-reference	OPS	1.0.0	1	b1b016891ae4e976d03606dfb2f35f74b03d21cf3ec82832f77f4d113bd622d5	005d1b674bb12719c003652c867486f83a5c860b4beb1016adf17f3c56c2d844	3ebce24ac4d1c620e9dde8c84f0c92fea9cc9e01	https://www.ncbi.nlm.nih.gov/assembly/GCA_034371605.1/
262	500	GCA_022811645.1	SAMN27018319	Hymenobacter monticola	1705399	Hymenobacter monticola	1705399	ASM2281164v1	National Institute of Agricultural Sciences	2022-04-04	selector-v1-reference	OPS	1.0.0	1	b1b016891ae4e976d03606dfb2f35f74b03d21cf3ec82832f77f4d113bd622d5	005d1b674bb12719c003652c867486f83a5c860b4beb1016adf17f3c56c2d844	3ebce24ac4d1c620e9dde8c84f0c92fea9cc9e01	https://www.ncbi.nlm.nih.gov/assembly/GCA_022811645.1/
263	500	GCA_029229465.1	SAMN24169495	Komagataeibacter oboediens	65958	Komagataeibacter oboediens	65958	ASM2922946v1	Worcester Polytechnic Institute	2023-03-17	selector-v1-reference	OPS	1.0.0	1	b1b016891ae4e976d03606dfb2f35f74b03d21cf3ec82832f77f4d113bd622d5	005d1b674bb12719c003652c867486f83a5c860b4beb1016adf17f3c56c2d844	3ebce24ac4d1c620e9dde8c84f0c92fea9cc9e01	https://www.ncbi.nlm.nih.gov/assembly/GCA_029229465.1/
264	500	GCA_050847355.1	SAMN48742075	Limimaricola sp. AA108-03	3425945	Limimaricola sp. AA108-03	3425945	ASM5084735v1	Shandong University	2025-06-08	selector-v1-reference	OPS	1.0.0	1	b1b016891ae4e976d03606dfb2f35f74b03d21cf3ec82832f77f4d113bd622d5	005d1b674bb12719c003652c867486f83a5c860b4beb1016adf17f3c56c2d844	3ebce24ac4d1c620e9dde8c84f0c92fea9cc9e01	https://www.ncbi.nlm.nih.gov/assembly/GCA_050847355.1/
265	500	GCA_040833995.1	SAMN42533264	Leptospira cinconiae	3235173	Leptospira cinconiae	3235173	ASM4083399v1	United States Department of Agriculture	2024-07-24	selector-v1-reference	OPS	1.0.0	1	b1b016891ae4e976d03606dfb2f35f74b03d21cf3ec82832f77f4d113bd622d5	005d1b674bb12719c003652c867486f83a5c860b4beb1016adf17f3c56c2d844	3ebce24ac4d1c620e9dde8c84f0c92fea9cc9e01	https://www.ncbi.nlm.nih.gov/assembly/GCA_040833995.1/
266	500	GCA_030295325.1	SAMD00562171	Haliovirga abyssi	2996794	Haliovirga abyssi	2996794	ASM3029532v1	Kyoto University	2023-05-11	selector-v1-reference	OPS	1.0.0	1	b1b016891ae4e976d03606dfb2f35f74b03d21cf3ec82832f77f4d113bd622d5	005d1b674bb12719c003652c867486f83a5c860b4beb1016adf17f3c56c2d844	3ebce24ac4d1c620e9dde8c84f0c92fea9cc9e01	https://www.ncbi.nlm.nih.gov/assembly/GCA_030295325.1/
267	500	GCA_036894235.1	SAMN39984690	Paenibacillus sp. Y5S-9	3122489	Paenibacillus sp. Y5S-9	3122489	ASM3689423v1	Universite Laval	2024-02-28	selector-v1-reference	OPS	1.0.0	1	b1b016891ae4e976d03606dfb2f35f74b03d21cf3ec82832f77f4d113bd622d5	005d1b674bb12719c003652c867486f83a5c860b4beb1016adf17f3c56c2d844	3ebce24ac4d1c620e9dde8c84f0c92fea9cc9e01	https://www.ncbi.nlm.nih.gov/assembly/GCA_036894235.1/
268	500	GCA_024760225.1	SAMN30323416	Bacteroides faecis	674529	Bacteroides faecis	674529	ASM2476022v1	National Institute of Allergy and Infectious Disease	2022-08-29	selector-v1-reference	OPS	1.0.0	1	b1b016891ae4e976d03606dfb2f35f74b03d21cf3ec82832f77f4d113bd622d5	005d1b674bb12719c003652c867486f83a5c860b4beb1016adf17f3c56c2d844	3ebce24ac4d1c620e9dde8c84f0c92fea9cc9e01	https://www.ncbi.nlm.nih.gov/assembly/GCA_024760225.1/
269	500	GCA_021495975.1	SAMN24823988	Clostridium sporogenes	1509	Clostridium sporogenes	1509	ASM2149597v1	Guangdong Acegemy of Sciences	2022-01-18	selector-v1-reference	OPS	1.0.0	1	b1b016891ae4e976d03606dfb2f35f74b03d21cf3ec82832f77f4d113bd622d5	005d1b674bb12719c003652c867486f83a5c860b4beb1016adf17f3c56c2d844	3ebce24ac4d1c620e9dde8c84f0c92fea9cc9e01	https://www.ncbi.nlm.nih.gov/assembly/GCA_021495975.1/
270	500	GCA_014789785.1	SAMN16226744	Chryseoglobus sp. 28M-23	2772253	Chryseoglobus sp. 28M-23	2772253	ASM1478978v1	University of Bristol	2020-09-29	selector-v1-reference	OPS	1.0.0	1	b1b016891ae4e976d03606dfb2f35f74b03d21cf3ec82832f77f4d113bd622d5	005d1b674bb12719c003652c867486f83a5c860b4beb1016adf17f3c56c2d844	3ebce24ac4d1c620e9dde8c84f0c92fea9cc9e01	https://www.ncbi.nlm.nih.gov/assembly/GCA_014789785.1/
271	500	GCA_045160025.1	SAMN23040497	Spirosoma sp. KNUC1025	2894082	Spirosoma sp. KNUC1025	2894082	ASM4516002v1	Kyungpook National University	2021-11-22	selector-v1-reference	OPS	1.0.0	1	b1b016891ae4e976d03606dfb2f35f74b03d21cf3ec82832f77f4d113bd622d5	005d1b674bb12719c003652c867486f83a5c860b4beb1016adf17f3c56c2d844	3ebce24ac4d1c620e9dde8c84f0c92fea9cc9e01	https://www.ncbi.nlm.nih.gov/assembly/GCA_045160025.1/
272	500	GCA_018847975.1	SAMN18437880	Lysobacter sp. K5869	2820808	Lysobacter sp. K5869	2820808	ASM1884797v1	University of Bonn	2021-06-11	selector-v1-reference	OPS	1.0.0	1	b1b016891ae4e976d03606dfb2f35f74b03d21cf3ec82832f77f4d113bd622d5	005d1b674bb12719c003652c867486f83a5c860b4beb1016adf17f3c56c2d844	3ebce24ac4d1c620e9dde8c84f0c92fea9cc9e01	https://www.ncbi.nlm.nih.gov/assembly/GCA_018847975.1/
273	500	GCA_023988885.1	SAMN29228908	Clostridium septicum	1504	Clostridium septicum	1504	ASM2398888v1	Alkek Center for Metagenomics and Microbiome Research, Baylor College of Medicine	2022-06-28	selector-v1-reference	OPS	1.0.0	1	b1b016891ae4e976d03606dfb2f35f74b03d21cf3ec82832f77f4d113bd622d5	005d1b674bb12719c003652c867486f83a5c860b4beb1016adf17f3c56c2d844	3ebce24ac4d1c620e9dde8c84f0c92fea9cc9e01	https://www.ncbi.nlm.nih.gov/assembly/GCA_023988885.1/
274	500	GCA_045291515.1	SAMN40291301	Streptomyces sp. GD-15H	3129112	Streptomyces sp. GD-15H	3129112	GD-15H	Chungnam National University	2024-03-28	selector-v1-reference	OPS	1.0.0	1	b1b016891ae4e976d03606dfb2f35f74b03d21cf3ec82832f77f4d113bd622d5	005d1b674bb12719c003652c867486f83a5c860b4beb1016adf17f3c56c2d844	3ebce24ac4d1c620e9dde8c84f0c92fea9cc9e01	https://www.ncbi.nlm.nih.gov/assembly/GCA_045291515.1/
275	500	GCA_024346875.1	SAMD00393684	Vibrio gallicus	190897	Vibrio gallicus	190897	ASM2434687v1	Laboratory of Microbiology, Division of Marine Life Science, Faculty of Fisheries Sciences, Hokkaido University	2022-07-13	selector-v1-reference	OPS	1.0.0	1	b1b016891ae4e976d03606dfb2f35f74b03d21cf3ec82832f77f4d113bd622d5	005d1b674bb12719c003652c867486f83a5c860b4beb1016adf17f3c56c2d844	3ebce24ac4d1c620e9dde8c84f0c92fea9cc9e01	https://www.ncbi.nlm.nih.gov/assembly/GCA_024346875.1/
276	500	GCA_010731715.1	SAMD00153208	Mycobacterium stomatepiae	470076	Mycobacterium stomatepiae	470076	ASM1073171v1	Department of Infection Metagenomics, Osaka University	2020-02-06	selector-v1-reference	OPS	1.0.0	1	b1b016891ae4e976d03606dfb2f35f74b03d21cf3ec82832f77f4d113bd622d5	005d1b674bb12719c003652c867486f83a5c860b4beb1016adf17f3c56c2d844	3ebce24ac4d1c620e9dde8c84f0c92fea9cc9e01	https://www.ncbi.nlm.nih.gov/assembly/GCA_010731715.1/
277	500	GCA_013393925.1	SAMN11587924	Nostoc sp. C057	2576903	Nostoc sp. C057	2576903	ASM1339392v1	Boyce Thompson Institute	2020-07-08	selector-v1-reference	OPS	1.0.0	1	b1b016891ae4e976d03606dfb2f35f74b03d21cf3ec82832f77f4d113bd622d5	005d1b674bb12719c003652c867486f83a5c860b4beb1016adf17f3c56c2d844	3ebce24ac4d1c620e9dde8c84f0c92fea9cc9e01	https://www.ncbi.nlm.nih.gov/assembly/GCA_013393925.1/
278	500	GCA_035991645.1	SAMN24016446	Streptomyces sp. NBC_01230	2903784	Streptomyces sp. NBC_01230	2903784	ASM3599164v1	Technical University of Denmark	2024-01-23	selector-v1-reference	OPS	1.0.0	1	b1b016891ae4e976d03606dfb2f35f74b03d21cf3ec82832f77f4d113bd622d5	005d1b674bb12719c003652c867486f83a5c860b4beb1016adf17f3c56c2d844	3ebce24ac4d1c620e9dde8c84f0c92fea9cc9e01	https://www.ncbi.nlm.nih.gov/assembly/GCA_035991645.1/
279	500	GCA_020616155.1	SAMN21437800	Vogesella sp. XCS3	2877939	Vogesella sp. XCS3	2877939	ASM2061615v1	University of Otago	2021-10-26	selector-v1-reference	OPS	1.0.0	1	b1b016891ae4e976d03606dfb2f35f74b03d21cf3ec82832f77f4d113bd622d5	005d1b674bb12719c003652c867486f83a5c860b4beb1016adf17f3c56c2d844	3ebce24ac4d1c620e9dde8c84f0c92fea9cc9e01	https://www.ncbi.nlm.nih.gov/assembly/GCA_020616155.1/
280	500	GCA_048572965.1	SAMN46817543	Oceanobacillus kimchii	746691	Oceanobacillus kimchii	746691	ASM4857296v1	Cold Regions Research and Engineering Laboratory	2025-03-15	selector-v1-reference	OPS	1.0.0	1	b1b016891ae4e976d03606dfb2f35f74b03d21cf3ec82832f77f4d113bd622d5	005d1b674bb12719c003652c867486f83a5c860b4beb1016adf17f3c56c2d844	3ebce24ac4d1c620e9dde8c84f0c92fea9cc9e01	https://www.ncbi.nlm.nih.gov/assembly/GCA_048572965.1/
281	500	GCA_003584565.3	SAMN09630237	Alteromonas sp. RKMC-009	2267264	Alteromonas sp. RKMC-009	2267264	ASM358456v3	University of Prince Edward Island	2019-04-16	selector-v1-reference	OPS	1.0.0	1	b1b016891ae4e976d03606dfb2f35f74b03d21cf3ec82832f77f4d113bd622d5	005d1b674bb12719c003652c867486f83a5c860b4beb1016adf17f3c56c2d844	3ebce24ac4d1c620e9dde8c84f0c92fea9cc9e01	https://www.ncbi.nlm.nih.gov/assembly/GCA_003584565.3/
282	500	GCA_036232025.1	SAMN24016583	Streptomyces sp. NBC_01422	2903859	Streptomyces sp. NBC_01422	2903859	ASM3623202v1	Technical University of Denmark	2024-01-25	selector-v1-reference	OPS	1.0.0	1	b1b016891ae4e976d03606dfb2f35f74b03d21cf3ec82832f77f4d113bd622d5	005d1b674bb12719c003652c867486f83a5c860b4beb1016adf17f3c56c2d844	3ebce24ac4d1c620e9dde8c84f0c92fea9cc9e01	https://www.ncbi.nlm.nih.gov/assembly/GCA_036232025.1/
283	500	GCA_003441595.1	SAMN09874278	Marinobacter sp. Arc7-DN-1	2304594	Marinobacter sp. Arc7-DN-1	2304594	ASM344159v1	the First Institute of Oceanography	2018-09-02	selector-v1-reference	OPS	1.0.0	1	b1b016891ae4e976d03606dfb2f35f74b03d21cf3ec82832f77f4d113bd622d5	005d1b674bb12719c003652c867486f83a5c860b4beb1016adf17f3c56c2d844	3ebce24ac4d1c620e9dde8c84f0c92fea9cc9e01	https://www.ncbi.nlm.nih.gov/assembly/GCA_003441595.1/
284	500	GCA_048565265.1	SAMN47220196	Burkholderia theae	3143496	Burkholderia theae	3143496	ASM4856526v1	National Chung Hsing University	2025-03-12	selector-v1-reference	OPS	1.0.0	1	b1b016891ae4e976d03606dfb2f35f74b03d21cf3ec82832f77f4d113bd622d5	005d1b674bb12719c003652c867486f83a5c860b4beb1016adf17f3c56c2d844	3ebce24ac4d1c620e9dde8c84f0c92fea9cc9e01	https://www.ncbi.nlm.nih.gov/assembly/GCA_048565265.1/
285	500	GCA_034359465.1	SAMN27755640	Candidatus Bandiella euplotis	1664265	Candidatus Bandiella euplotis	1664265	ASM3435946v1	University of Pavia	2023-12-13	selector-v1-reference	OPS	1.0.0	1	b1b016891ae4e976d03606dfb2f35f74b03d21cf3ec82832f77f4d113bd622d5	005d1b674bb12719c003652c867486f83a5c860b4beb1016adf17f3c56c2d844	3ebce24ac4d1c620e9dde8c84f0c92fea9cc9e01	https://www.ncbi.nlm.nih.gov/assembly/GCA_034359465.1/
286	500	GCA_046717775.1	SAMN45893588	Corynebacterium sp. LaCa222	3391427	Corynebacterium sp. LaCa222	3391427	LaCa222_v1	Bielefeld University	2025-01-15	selector-v1-reference	OPS	1.0.0	1	b1b016891ae4e976d03606dfb2f35f74b03d21cf3ec82832f77f4d113bd622d5	005d1b674bb12719c003652c867486f83a5c860b4beb1016adf17f3c56c2d844	3ebce24ac4d1c620e9dde8c84f0c92fea9cc9e01	https://www.ncbi.nlm.nih.gov/assembly/GCA_046717775.1/
287	500	GCA_032806925.1	SAMN37686530	Paraburkholderia kirstenboschensis	1245436	Paraburkholderia kirstenboschensis	1245436	ASM3280692v1	University of California Berkeley	2023-10-18	selector-v1-reference	OPS	1.0.0	1	b1b016891ae4e976d03606dfb2f35f74b03d21cf3ec82832f77f4d113bd622d5	005d1b674bb12719c003652c867486f83a5c860b4beb1016adf17f3c56c2d844	3ebce24ac4d1c620e9dde8c84f0c92fea9cc9e01	https://www.ncbi.nlm.nih.gov/assembly/GCA_032806925.1/
288	500	GCA_009906835.1	SAMN13783578	Aristophania vespae	2697033	Aristophania vespae	2697033	ASM990683v1	National Institute of Agricultural Sciences	2020-01-20	selector-v1-reference	OPS	1.0.0	1	b1b016891ae4e976d03606dfb2f35f74b03d21cf3ec82832f77f4d113bd622d5	005d1b674bb12719c003652c867486f83a5c860b4beb1016adf17f3c56c2d844	3ebce24ac4d1c620e9dde8c84f0c92fea9cc9e01	https://www.ncbi.nlm.nih.gov/assembly/GCA_009906835.1/
289	500	GCA_023716845.1	SAMN17282705	Vibrio sp. SCSIO 43133	2802577	Vibrio sp. SCSIO 43133	2802577	ASM2371684v1	South China Sea Institute of Oceanology,Chinese Academy of Sciences	2022-06-14	selector-v1-reference	OPS	1.0.0	1	b1b016891ae4e976d03606dfb2f35f74b03d21cf3ec82832f77f4d113bd622d5	005d1b674bb12719c003652c867486f83a5c860b4beb1016adf17f3c56c2d844	3ebce24ac4d1c620e9dde8c84f0c92fea9cc9e01	https://www.ncbi.nlm.nih.gov/assembly/GCA_023716845.1/
290	500	GCA_004353225.1	SAMN11099592	Marinobacter sp. JH2	2547598	Marinobacter sp. JH2	2547598	ASM435322v1	Georg-August-University Goettingen	2019-03-15	selector-v1-reference	OPS	1.0.0	1	b1b016891ae4e976d03606dfb2f35f74b03d21cf3ec82832f77f4d113bd622d5	005d1b674bb12719c003652c867486f83a5c860b4beb1016adf17f3c56c2d844	3ebce24ac4d1c620e9dde8c84f0c92fea9cc9e01	https://www.ncbi.nlm.nih.gov/assembly/GCA_004353225.1/
291	500	GCA_000014265.1	SAMN02598485	Trichodesmium erythraeum IMS101	203124	Trichodesmium erythraeum	1206	ASM1426v1	DOE Joint Genome Institute	2006-07-06	selector-v1-reference	OPS	1.0.0	1	b1b016891ae4e976d03606dfb2f35f74b03d21cf3ec82832f77f4d113bd622d5	005d1b674bb12719c003652c867486f83a5c860b4beb1016adf17f3c56c2d844	3ebce24ac4d1c620e9dde8c84f0c92fea9cc9e01	https://www.ncbi.nlm.nih.gov/assembly/GCA_000014265.1/
292	500	GCA_043187485.1	SAMN43971774	Anaerococcus martiniensis	3115615	Anaerococcus martiniensis	3115615	ASM4318748v1	Amager and Hvidovre Hospital	2024-10-15	selector-v1-reference	OPS	1.0.0	1	b1b016891ae4e976d03606dfb2f35f74b03d21cf3ec82832f77f4d113bd622d5	005d1b674bb12719c003652c867486f83a5c860b4beb1016adf17f3c56c2d844	3ebce24ac4d1c620e9dde8c84f0c92fea9cc9e01	https://www.ncbi.nlm.nih.gov/assembly/GCA_043187485.1/
293	500	GCA_043099725.1	SAMN43896574	Nostoc sp. C110	3349876	Nostoc sp. C110	3349876	ASM4309972v1	Boyce Thompson Institute	2024-10-14	selector-v1-reference	OPS	1.0.0	1	b1b016891ae4e976d03606dfb2f35f74b03d21cf3ec82832f77f4d113bd622d5	005d1b674bb12719c003652c867486f83a5c860b4beb1016adf17f3c56c2d844	3ebce24ac4d1c620e9dde8c84f0c92fea9cc9e01	https://www.ncbi.nlm.nih.gov/assembly/GCA_043099725.1/
294	500	GCA_900660755.1	SAMEA104224796	Acholeplasma hippikon	264636	Acholeplasma hippikon	264636	57792_F01-3	SC	2019-01-29	selector-v1-reference	OPS	1.0.0	1	b1b016891ae4e976d03606dfb2f35f74b03d21cf3ec82832f77f4d113bd622d5	005d1b674bb12719c003652c867486f83a5c860b4beb1016adf17f3c56c2d844	3ebce24ac4d1c620e9dde8c84f0c92fea9cc9e01	https://www.ncbi.nlm.nih.gov/assembly/GCA_900660755.1/
295	500	GCA_000828735.1	SAMD00000347	Ureaplasma parvum serovar 3	38504	Ureaplasma parvum	134821	ASM82873v1	GIRC	2014-04-28	selector-v1-reference	OPS	1.0.0	1	b1b016891ae4e976d03606dfb2f35f74b03d21cf3ec82832f77f4d113bd622d5	005d1b674bb12719c003652c867486f83a5c860b4beb1016adf17f3c56c2d844	3ebce24ac4d1c620e9dde8c84f0c92fea9cc9e01	https://www.ncbi.nlm.nih.gov/assembly/GCA_000828735.1/
296	500	GCA_047275845.1	SAMN46307842	Thermus oshimai	56957	Thermus oshimai	56957	ASM4727584v1	Institute of Gene Biology Russian Academy of Sciences	2025-01-28	selector-v1-reference	OPS	1.0.0	1	b1b016891ae4e976d03606dfb2f35f74b03d21cf3ec82832f77f4d113bd622d5	005d1b674bb12719c003652c867486f83a5c860b4beb1016adf17f3c56c2d844	3ebce24ac4d1c620e9dde8c84f0c92fea9cc9e01	https://www.ncbi.nlm.nih.gov/assembly/GCA_047275845.1/
297	500	GCA_050572635.1	SAMN46871077	Psychrobacter sp. VH5	3423439	Psychrobacter sp. VH5	3423439	ASM5057263v1	Dalian University of technology	2025-05-26	selector-v1-reference	OPS	1.0.0	1	b1b016891ae4e976d03606dfb2f35f74b03d21cf3ec82832f77f4d113bd622d5	005d1b674bb12719c003652c867486f83a5c860b4beb1016adf17f3c56c2d844	3ebce24ac4d1c620e9dde8c84f0c92fea9cc9e01	https://www.ncbi.nlm.nih.gov/assembly/GCA_050572635.1/
298	500	GCA_033095825.1	SAMN31258396	Acinetobacter sp. UGAL515B_02	2986764	Acinetobacter sp. UGAL515B_02	2986764	ASM3309582v1	University of Georgia	2023-10-27	selector-v1-reference	OPS	1.0.0	1	b1b016891ae4e976d03606dfb2f35f74b03d21cf3ec82832f77f4d113bd622d5	005d1b674bb12719c003652c867486f83a5c860b4beb1016adf17f3c56c2d844	3ebce24ac4d1c620e9dde8c84f0c92fea9cc9e01	https://www.ncbi.nlm.nih.gov/assembly/GCA_033095825.1/
299	500	GCA_965118125.1	SAMEA117628393	Pararobbsia alpina	621374	Pararobbsia alpina	621374	Pararobbsia_sp_ABIP432	Institut de Recherche pour le Developpement	2025-01-26	selector-v1-reference	OPS	1.0.0	1	b1b016891ae4e976d03606dfb2f35f74b03d21cf3ec82832f77f4d113bd622d5	005d1b674bb12719c003652c867486f83a5c860b4beb1016adf17f3c56c2d844	3ebce24ac4d1c620e9dde8c84f0c92fea9cc9e01	https://www.ncbi.nlm.nih.gov/assembly/GCA_965118125.1/
300	500	GCA_024605895.1	SAMN26992904	Acinetobacter sp. YH16056_T	2929514	Acinetobacter sp. YH16056_T	2929514	ASM2460589v1	South China Agricultural University	2022-08-09	selector-v1-reference	OPS	1.0.0	1	b1b016891ae4e976d03606dfb2f35f74b03d21cf3ec82832f77f4d113bd622d5	005d1b674bb12719c003652c867486f83a5c860b4beb1016adf17f3c56c2d844	3ebce24ac4d1c620e9dde8c84f0c92fea9cc9e01	https://www.ncbi.nlm.nih.gov/assembly/GCA_024605895.1/
301	500	GCA_008118345.1	SAMN12605457	Gluconobacter thailandicus	257438	Gluconobacter thailandicus	257438	ASM811834v1	Henan University	2019-08-27	selector-v1-reference	OPS	1.0.0	1	b1b016891ae4e976d03606dfb2f35f74b03d21cf3ec82832f77f4d113bd622d5	005d1b674bb12719c003652c867486f83a5c860b4beb1016adf17f3c56c2d844	3ebce24ac4d1c620e9dde8c84f0c92fea9cc9e01	https://www.ncbi.nlm.nih.gov/assembly/GCA_008118345.1/
302	500	GCA_052063255.1	SAMN40741159	Neisseria musculi	1815583	Neisseria musculi	1815583	ASM5206325v1	Institute for Genome Sciences, University of Maryland, Baltimore	2025-08-16	selector-v1-reference	OPS	1.0.0	1	b1b016891ae4e976d03606dfb2f35f74b03d21cf3ec82832f77f4d113bd622d5	005d1b674bb12719c003652c867486f83a5c860b4beb1016adf17f3c56c2d844	3ebce24ac4d1c620e9dde8c84f0c92fea9cc9e01	https://www.ncbi.nlm.nih.gov/assembly/GCA_052063255.1/
303	500	GCA_003433515.1	SAMN06853988	Maritalea myrionectae	454601	Maritalea myrionectae	454601	ASM343351v1	Cotde-PKNU-Marine-Bio-Convergence	2018-04-10	selector-v1-reference	OPS	1.0.0	1	b1b016891ae4e976d03606dfb2f35f74b03d21cf3ec82832f77f4d113bd622d5	005d1b674bb12719c003652c867486f83a5c860b4beb1016adf17f3c56c2d844	3ebce24ac4d1c620e9dde8c84f0c92fea9cc9e01	https://www.ncbi.nlm.nih.gov/assembly/GCA_003433515.1/
304	500	GCA_033335955.1	SAMN37864665	Streptomyces sp. N50	3081765	Streptomyces sp. N50	3081765	ASM3333595v1	Korea Institute of Science and Technology	2023-11-04	selector-v1-reference	OPS	1.0.0	1	b1b016891ae4e976d03606dfb2f35f74b03d21cf3ec82832f77f4d113bd622d5	005d1b674bb12719c003652c867486f83a5c860b4beb1016adf17f3c56c2d844	3ebce24ac4d1c620e9dde8c84f0c92fea9cc9e01	https://www.ncbi.nlm.nih.gov/assembly/GCA_033335955.1/
305	500	GCA_000025005.1	SAMN00017581	Thermobaculum terrenum ATCC BAA-798	525904	Thermobaculum terrenum	166501	ASM2500v1	US DOE Joint Genome Institute (JGI-PGF)	2009-11-23	selector-v1-reference	OPS	1.0.0	1	b1b016891ae4e976d03606dfb2f35f74b03d21cf3ec82832f77f4d113bd622d5	005d1b674bb12719c003652c867486f83a5c860b4beb1016adf17f3c56c2d844	3ebce24ac4d1c620e9dde8c84f0c92fea9cc9e01	https://www.ncbi.nlm.nih.gov/assembly/GCA_000025005.1/
306	500	GCA_016864535.1	SAMN12766866	Rhizobium sp. BG6	2613771	Rhizobium sp. BG6	2613771	ASM1686453v1	University of Georgia	2021-02-11	selector-v1-reference	OPS	1.0.0	1	b1b016891ae4e976d03606dfb2f35f74b03d21cf3ec82832f77f4d113bd622d5	005d1b674bb12719c003652c867486f83a5c860b4beb1016adf17f3c56c2d844	3ebce24ac4d1c620e9dde8c84f0c92fea9cc9e01	https://www.ncbi.nlm.nih.gov/assembly/GCA_016864535.1/
307	500	GCA_026626125.1	SAMN31823544	Pseudomonadaceae bacterium T75	3003241	Pseudomonadaceae bacterium T75	3003241	ASM2662612v1	Chinese Academy of Agricultural Sciences	2022-12-04	selector-v1-reference	OPS	1.0.0	1	b1b016891ae4e976d03606dfb2f35f74b03d21cf3ec82832f77f4d113bd622d5	005d1b674bb12719c003652c867486f83a5c860b4beb1016adf17f3c56c2d844	3ebce24ac4d1c620e9dde8c84f0c92fea9cc9e01	https://www.ncbi.nlm.nih.gov/assembly/GCA_026626125.1/
308	500	GCA_050956065.1	SAMN42902672	Streptomyces sp. CA-111067	3240046	Streptomyces sp. CA-111067	3240046	MDNA_WGS_278_assembly	Technical University of Denmark	2025-06-17	selector-v1-reference	OPS	1.0.0	1	b1b016891ae4e976d03606dfb2f35f74b03d21cf3ec82832f77f4d113bd622d5	005d1b674bb12719c003652c867486f83a5c860b4beb1016adf17f3c56c2d844	3ebce24ac4d1c620e9dde8c84f0c92fea9cc9e01	https://www.ncbi.nlm.nih.gov/assembly/GCA_050956065.1/
309	500	GCA_000014465.1	SAMN02598532	Levilactobacillus brevis ATCC 367	387344	Levilactobacillus brevis	1580	ASM1446v1	US DOE Joint Genome Institute (JGI), The Lactic Acid Bacteria Genome Consortium and Fidelity Systems Inc.	2006-10-13	selector-v1-reference	OPS	1.0.0	1	b1b016891ae4e976d03606dfb2f35f74b03d21cf3ec82832f77f4d113bd622d5	005d1b674bb12719c003652c867486f83a5c860b4beb1016adf17f3c56c2d844	3ebce24ac4d1c620e9dde8c84f0c92fea9cc9e01	https://www.ncbi.nlm.nih.gov/assembly/GCA_000014465.1/
310	500	GCA_024137965.1	SAMN29351842	Halomonas sp. Y3	2956797	Halomonas sp. Y3	2956797	ASM2413796v1	leshan normal univwesity	2022-07-05	selector-v1-reference	OPS	1.0.0	1	b1b016891ae4e976d03606dfb2f35f74b03d21cf3ec82832f77f4d113bd622d5	005d1b674bb12719c003652c867486f83a5c860b4beb1016adf17f3c56c2d844	3ebce24ac4d1c620e9dde8c84f0c92fea9cc9e01	https://www.ncbi.nlm.nih.gov/assembly/GCA_024137965.1/
311	500	GCA_031195445.1	SAMN37171699	Acuticoccus sp. MNP-M23	3072793	Acuticoccus sp. MNP-M23	3072793	ASM3119544v1	Korea research institute of Bioscience and Biotechnology	2023-09-05	selector-v1-reference	OPS	1.0.0	1	b1b016891ae4e976d03606dfb2f35f74b03d21cf3ec82832f77f4d113bd622d5	005d1b674bb12719c003652c867486f83a5c860b4beb1016adf17f3c56c2d844	3ebce24ac4d1c620e9dde8c84f0c92fea9cc9e01	https://www.ncbi.nlm.nih.gov/assembly/GCA_031195445.1/
312	500	GCA_027912455.1	SAMN32183293	Aurantiacibacter sp. MUD61	3009083	Aurantiacibacter sp. MUD61	3009083	ASM2791245v1	eGnome	2023-01-18	selector-v1-reference	OPS	1.0.0	1	b1b016891ae4e976d03606dfb2f35f74b03d21cf3ec82832f77f4d113bd622d5	005d1b674bb12719c003652c867486f83a5c860b4beb1016adf17f3c56c2d844	3ebce24ac4d1c620e9dde8c84f0c92fea9cc9e01	https://www.ncbi.nlm.nih.gov/assembly/GCA_027912455.1/
313	500	GCA_046764375.1	SAMN46014611	Sphingobacterium sp. Lzh-3	3382150	Sphingobacterium sp. Lzh-3	3382150	ASM4676437v1	Dezhou University	2025-01-19	selector-v1-reference	OPS	1.0.0	1	b1b016891ae4e976d03606dfb2f35f74b03d21cf3ec82832f77f4d113bd622d5	005d1b674bb12719c003652c867486f83a5c860b4beb1016adf17f3c56c2d844	3ebce24ac4d1c620e9dde8c84f0c92fea9cc9e01	https://www.ncbi.nlm.nih.gov/assembly/GCA_046764375.1/
314	500	GCA_001922365.1	SAMN04014843	Enterobacter cloacae complex sp. AR_0002	2798729	Enterobacter cloacae complex sp. AR_0002	2798729	ASM192236v1	Centers for Disease Control and Prevention	2016-12-27	selector-v1-reference	OPS	1.0.0	1	b1b016891ae4e976d03606dfb2f35f74b03d21cf3ec82832f77f4d113bd622d5	005d1b674bb12719c003652c867486f83a5c860b4beb1016adf17f3c56c2d844	3ebce24ac4d1c620e9dde8c84f0c92fea9cc9e01	https://www.ncbi.nlm.nih.gov/assembly/GCA_001922365.1/
315	500	GCA_018459925.1	SAMN19134681	Nocardioides aquaticus	160826	Nocardioides aquaticus	160826	ASM1845992v1	Korea Polar Research Institute, Republic of Korea	2021-05-24	selector-v1-reference	OPS	1.0.0	1	b1b016891ae4e976d03606dfb2f35f74b03d21cf3ec82832f77f4d113bd622d5	005d1b674bb12719c003652c867486f83a5c860b4beb1016adf17f3c56c2d844	3ebce24ac4d1c620e9dde8c84f0c92fea9cc9e01	https://www.ncbi.nlm.nih.gov/assembly/GCA_018459925.1/
316	500	GCA_000948985.2	SAMN03278134	Thalassomonas viridans	137584	Thalassomonas viridans	137584	ASM94898v2	University of the Western Cape	2023-02-17	selector-v1-reference	OPS	1.0.0	1	b1b016891ae4e976d03606dfb2f35f74b03d21cf3ec82832f77f4d113bd622d5	005d1b674bb12719c003652c867486f83a5c860b4beb1016adf17f3c56c2d844	3ebce24ac4d1c620e9dde8c84f0c92fea9cc9e01	https://www.ncbi.nlm.nih.gov/assembly/GCA_000948985.2/
317	500	GCA_027912835.1	SAMN32497627	Paracoccus sediminicola	3017783	Paracoccus sediminicola	3017783	ASM2791283v1	South China Sea Institute of Oceanology	2023-01-18	selector-v1-reference	OPS	1.0.0	1	b1b016891ae4e976d03606dfb2f35f74b03d21cf3ec82832f77f4d113bd622d5	005d1b674bb12719c003652c867486f83a5c860b4beb1016adf17f3c56c2d844	3ebce24ac4d1c620e9dde8c84f0c92fea9cc9e01	https://www.ncbi.nlm.nih.gov/assembly/GCA_027912835.1/
318	500	GCA_047305335.1	SAMN30113950	Streptomyces sp. R-74717	2969820	Streptomyces sp. R-74717	2969820	ASM4730533v1	Ghent University	2025-01-29	selector-v1-reference	OPS	1.0.0	1	b1b016891ae4e976d03606dfb2f35f74b03d21cf3ec82832f77f4d113bd622d5	005d1b674bb12719c003652c867486f83a5c860b4beb1016adf17f3c56c2d844	3ebce24ac4d1c620e9dde8c84f0c92fea9cc9e01	https://www.ncbi.nlm.nih.gov/assembly/GCA_047305335.1/
319	500	GCA_045571445.1	SAMN33769203	Bradyrhizobium sp. STM 3566	578928	Bradyrhizobium sp. STM 3566	578928	STM3566_v1	IRD	2024-12-03	selector-v1-reference	OPS	1.0.0	1	b1b016891ae4e976d03606dfb2f35f74b03d21cf3ec82832f77f4d113bd622d5	005d1b674bb12719c003652c867486f83a5c860b4beb1016adf17f3c56c2d844	3ebce24ac4d1c620e9dde8c84f0c92fea9cc9e01	https://www.ncbi.nlm.nih.gov/assembly/GCA_045571445.1/
320	500	GCA_039696685.1	SAMN41278733	Vibrio sp. CDRSL-10 TSBA	3145234	Vibrio sp. CDRSL-10 TSBA	3145234	ASM3969668v1	CSIR-IMTECH	2024-05-20	selector-v1-reference	OPS	1.0.0	1	b1b016891ae4e976d03606dfb2f35f74b03d21cf3ec82832f77f4d113bd622d5	005d1b674bb12719c003652c867486f83a5c860b4beb1016adf17f3c56c2d844	3ebce24ac4d1c620e9dde8c84f0c92fea9cc9e01	https://www.ncbi.nlm.nih.gov/assembly/GCA_039696685.1/
321	500	GCA_041893525.1	SAMN43404215	Phaeobacter bryozoorum	1086632	Phaeobacter bryozoorum	1086632	ASM4189352v1	Technical university of Denmark	2024-09-10	selector-v1-reference	OPS	1.0.0	1	b1b016891ae4e976d03606dfb2f35f74b03d21cf3ec82832f77f4d113bd622d5	005d1b674bb12719c003652c867486f83a5c860b4beb1016adf17f3c56c2d844	3ebce24ac4d1c620e9dde8c84f0c92fea9cc9e01	https://www.ncbi.nlm.nih.gov/assembly/GCA_041893525.1/
322	500	GCA_045040605.1	SAMN24536047	Pseudoalteromonas sp. PB2-1	2907242	Pseudoalteromonas sp. PB2-1	2907242	ASM4504060v1	Centre for Marine Science and Innovation, University of New South Wales Sydney	2024-09-24	selector-v1-reference	OPS	1.0.0	1	b1b016891ae4e976d03606dfb2f35f74b03d21cf3ec82832f77f4d113bd622d5	005d1b674bb12719c003652c867486f83a5c860b4beb1016adf17f3c56c2d844	3ebce24ac4d1c620e9dde8c84f0c92fea9cc9e01	https://www.ncbi.nlm.nih.gov/assembly/GCA_045040605.1/
323	500	GCA_045571465.1	SAMN33769200	Bradyrhizobium sp. STM 3557	578920	Bradyrhizobium sp. STM 3557	578920	STM3557_v1	IRD	2024-12-03	selector-v1-reference	OPS	1.0.0	1	b1b016891ae4e976d03606dfb2f35f74b03d21cf3ec82832f77f4d113bd622d5	005d1b674bb12719c003652c867486f83a5c860b4beb1016adf17f3c56c2d844	3ebce24ac4d1c620e9dde8c84f0c92fea9cc9e01	https://www.ncbi.nlm.nih.gov/assembly/GCA_045571465.1/
324	500	GCA_027362595.1	SAMN32252641	Providencia sp. 21OH12SH02B-Prov	3015951	Providencia sp. 21OH12SH02B-Prov	3015951	ASM2736259v1	FDA-CVM	2022-12-27	selector-v1-reference	OPS	1.0.0	1	b1b016891ae4e976d03606dfb2f35f74b03d21cf3ec82832f77f4d113bd622d5	005d1b674bb12719c003652c867486f83a5c860b4beb1016adf17f3c56c2d844	3ebce24ac4d1c620e9dde8c84f0c92fea9cc9e01	https://www.ncbi.nlm.nih.gov/assembly/GCA_027362595.1/
325	500	GCA_019968685.1	SAMN18917008	Serratia sp. JSRIV006	2831896	Serratia sp. JSRIV006	2831896	ASM1996868v1	Kyoto University	2021-09-14	selector-v1-reference	OPS	1.0.0	1	b1b016891ae4e976d03606dfb2f35f74b03d21cf3ec82832f77f4d113bd622d5	005d1b674bb12719c003652c867486f83a5c860b4beb1016adf17f3c56c2d844	3ebce24ac4d1c620e9dde8c84f0c92fea9cc9e01	https://www.ncbi.nlm.nih.gov/assembly/GCA_019968685.1/
326	500	GCA_023380245.1	SAMN26370966	Bombilactobacillus thymidiniphilus	2923363	Bombilactobacillus thymidiniphilus	2923363	ASM2338024v1	The University of Adelaide	2022-05-17	selector-v1-reference	OPS	1.0.0	1	b1b016891ae4e976d03606dfb2f35f74b03d21cf3ec82832f77f4d113bd622d5	005d1b674bb12719c003652c867486f83a5c860b4beb1016adf17f3c56c2d844	3ebce24ac4d1c620e9dde8c84f0c92fea9cc9e01	https://www.ncbi.nlm.nih.gov/assembly/GCA_023380245.1/
327	500	GCA_030908605.1	SAMN36990582	Geobacillus kaustophilus	1462	Geobacillus kaustophilus	1462	ASM3090860v1	Technion	2023-08-27	selector-v1-reference	OPS	1.0.0	1	b1b016891ae4e976d03606dfb2f35f74b03d21cf3ec82832f77f4d113bd622d5	005d1b674bb12719c003652c867486f83a5c860b4beb1016adf17f3c56c2d844	3ebce24ac4d1c620e9dde8c84f0c92fea9cc9e01	https://www.ncbi.nlm.nih.gov/assembly/GCA_030908605.1/
328	500	GCA_000261045.2	SAMN02470676	Serratia inhibens PRI-2C	1154756	Serratia inhibens	2338073	ASM26104v2	NIOO-KNAW	2016-07-15	selector-v1-reference	OPS	1.0.0	1	b1b016891ae4e976d03606dfb2f35f74b03d21cf3ec82832f77f4d113bd622d5	005d1b674bb12719c003652c867486f83a5c860b4beb1016adf17f3c56c2d844	3ebce24ac4d1c620e9dde8c84f0c92fea9cc9e01	https://www.ncbi.nlm.nih.gov/assembly/GCA_000261045.2/
329	500	GCA_033798705.1	SAMN38084912	Cyanobacterium aponinum AL20115	3090662	Cyanobacterium aponinum	379064	ASM3379870v1	Academia Sinica	2023-11-18	selector-v1-reference	OPS	1.0.0	1	b1b016891ae4e976d03606dfb2f35f74b03d21cf3ec82832f77f4d113bd622d5	005d1b674bb12719c003652c867486f83a5c860b4beb1016adf17f3c56c2d844	3ebce24ac4d1c620e9dde8c84f0c92fea9cc9e01	https://www.ncbi.nlm.nih.gov/assembly/GCA_033798705.1/
330	500	GCA_046529545.1	SAMN35524086	Streptomyces sp. KL2	3050126	Streptomyces sp. KL2	3050126	ASM4652954v1	Inner Mongolia Agricultural University	2025-01-07	selector-v1-reference	OPS	1.0.0	1	b1b016891ae4e976d03606dfb2f35f74b03d21cf3ec82832f77f4d113bd622d5	005d1b674bb12719c003652c867486f83a5c860b4beb1016adf17f3c56c2d844	3ebce24ac4d1c620e9dde8c84f0c92fea9cc9e01	https://www.ncbi.nlm.nih.gov/assembly/GCA_046529545.1/
331	500	GCA_003609835.1	SAMD00065690	Sphingopyxis sp. FD7	1914525	Sphingopyxis sp. FD7	1914525	ASM360983v1	Department of Material and Environmental Chemistry, Graduate School of Engineering, Utsunomiya University	2018-07-01	selector-v1-reference	OPS	1.0.0	1	b1b016891ae4e976d03606dfb2f35f74b03d21cf3ec82832f77f4d113bd622d5	005d1b674bb12719c003652c867486f83a5c860b4beb1016adf17f3c56c2d844	3ebce24ac4d1c620e9dde8c84f0c92fea9cc9e01	https://www.ncbi.nlm.nih.gov/assembly/GCA_003609835.1/
332	500	GCA_000013045.1	SAMN02604045	Salinibacter ruber DSM 13855	309807	Salinibacter ruber	146919	ASM1304v1	TIGR	2005-12-20	selector-v1-reference	OPS	1.0.0	1	b1b016891ae4e976d03606dfb2f35f74b03d21cf3ec82832f77f4d113bd622d5	005d1b674bb12719c003652c867486f83a5c860b4beb1016adf17f3c56c2d844	3ebce24ac4d1c620e9dde8c84f0c92fea9cc9e01	https://www.ncbi.nlm.nih.gov/assembly/GCA_000013045.1/
333	500	GCA_029919255.1	SAMN33745866	cyanobacterium endosymbiont of Epithemia clementina EcSB	3034674	cyanobacterium endosymbiont of Epithemia clementina EcSB	3034674	ASM2991925v1	Stanford University	2023-05-02	selector-v1-reference	OPS	1.0.0	1	b1b016891ae4e976d03606dfb2f35f74b03d21cf3ec82832f77f4d113bd622d5	005d1b674bb12719c003652c867486f83a5c860b4beb1016adf17f3c56c2d844	3ebce24ac4d1c620e9dde8c84f0c92fea9cc9e01	https://www.ncbi.nlm.nih.gov/assembly/GCA_029919255.1/
334	500	GCA_019355395.1	SAMN14089677	Chordicoccus furentiruminis	2709410	Chordicoccus furentiruminis	2709410	ASM1935539v1	Ascus Biosciences	2021-07-27	selector-v1-reference	OPS	1.0.0	1	b1b016891ae4e976d03606dfb2f35f74b03d21cf3ec82832f77f4d113bd622d5	005d1b674bb12719c003652c867486f83a5c860b4beb1016adf17f3c56c2d844	3ebce24ac4d1c620e9dde8c84f0c92fea9cc9e01	https://www.ncbi.nlm.nih.gov/assembly/GCA_019355395.1/
335	500	GCA_000015265.1	SAMN02598280	Nocardioides sp. JS614	196162	Nocardioides sp. JS614	196162	ASM1526v1	DOE Joint Genome Institute	2006-12-18	selector-v1-reference	OPS	1.0.0	1	b1b016891ae4e976d03606dfb2f35f74b03d21cf3ec82832f77f4d113bd622d5	005d1b674bb12719c003652c867486f83a5c860b4beb1016adf17f3c56c2d844	3ebce24ac4d1c620e9dde8c84f0c92fea9cc9e01	https://www.ncbi.nlm.nih.gov/assembly/GCA_000015265.1/
336	500	GCA_003206515.1	SAMN09356193	Deinococcus actinosclerus	1768108	Deinococcus actinosclerus	1768108	ASM320651v1	Shanghai Jiaotong University	2018-06-11	selector-v1-reference	OPS	1.0.0	1	b1b016891ae4e976d03606dfb2f35f74b03d21cf3ec82832f77f4d113bd622d5	005d1b674bb12719c003652c867486f83a5c860b4beb1016adf17f3c56c2d844	3ebce24ac4d1c620e9dde8c84f0c92fea9cc9e01	https://www.ncbi.nlm.nih.gov/assembly/GCA_003206515.1/
337	500	GCA_023100665.1	SAMN16538646	Bradyrhizobium sp. CW1	2782686	Bradyrhizobium sp. CW1	2782686	ASM2310066v1	Oregon State University	2022-04-25	selector-v1-reference	OPS	1.0.0	1	b1b016891ae4e976d03606dfb2f35f74b03d21cf3ec82832f77f4d113bd622d5	005d1b674bb12719c003652c867486f83a5c860b4beb1016adf17f3c56c2d844	3ebce24ac4d1c620e9dde8c84f0c92fea9cc9e01	https://www.ncbi.nlm.nih.gov/assembly/GCA_023100665.1/
338	500	GCA_003030465.1	SAMN02370758	Thauera aromatica K172	44139	Thauera aromatica	59405	ASM303046v1	Helmholtz Centre for Environmental Research - UFZ	2018-04-02	selector-v1-reference	OPS	1.0.0	1	b1b016891ae4e976d03606dfb2f35f74b03d21cf3ec82832f77f4d113bd622d5	005d1b674bb12719c003652c867486f83a5c860b4beb1016adf17f3c56c2d844	3ebce24ac4d1c620e9dde8c84f0c92fea9cc9e01	https://www.ncbi.nlm.nih.gov/assembly/GCA_003030465.1/
339	500	GCA_041200145.1	SAMN42719344	Bradyrhizobium zaerense	3239388	Bradyrhizobium zaerense	3239388	Brady_LLZ17_1.1	University of Mohammed V	2024-08-11	selector-v1-reference	OPS	1.0.0	1	b1b016891ae4e976d03606dfb2f35f74b03d21cf3ec82832f77f4d113bd622d5	005d1b674bb12719c003652c867486f83a5c860b4beb1016adf17f3c56c2d844	3ebce24ac4d1c620e9dde8c84f0c92fea9cc9e01	https://www.ncbi.nlm.nih.gov/assembly/GCA_041200145.1/
340	500	GCA_050954615.1	SAMN42902475	Saccharopolyspora sp. CA-218241	3240027	Saccharopolyspora sp. CA-218241	3240027	MDNA_WGS_011_assembly	Technical University of Denmark	2025-06-17	selector-v1-reference	OPS	1.0.0	1	b1b016891ae4e976d03606dfb2f35f74b03d21cf3ec82832f77f4d113bd622d5	005d1b674bb12719c003652c867486f83a5c860b4beb1016adf17f3c56c2d844	3ebce24ac4d1c620e9dde8c84f0c92fea9cc9e01	https://www.ncbi.nlm.nih.gov/assembly/GCA_050954615.1/
341	500	GCA_047325135.1	SAMN43145691	Ralstonia sp. Ralssp110	3243004	Ralstonia sp. Ralssp110	3243004	Ralssp110_v1.0	North Carolina State University	2025-01-30	selector-v1-reference	OPS	1.0.0	1	b1b016891ae4e976d03606dfb2f35f74b03d21cf3ec82832f77f4d113bd622d5	005d1b674bb12719c003652c867486f83a5c860b4beb1016adf17f3c56c2d844	3ebce24ac4d1c620e9dde8c84f0c92fea9cc9e01	https://www.ncbi.nlm.nih.gov/assembly/GCA_047325135.1/
342	500	GCA_003966715.1	SAMD00131669	Blastochloris tepida	2233851	Blastochloris tepida	2233851	ASM396671v1	National Institute of Genetics	2018-08-29	selector-v1-reference	OPS	1.0.0	1	b1b016891ae4e976d03606dfb2f35f74b03d21cf3ec82832f77f4d113bd622d5	005d1b674bb12719c003652c867486f83a5c860b4beb1016adf17f3c56c2d844	3ebce24ac4d1c620e9dde8c84f0c92fea9cc9e01	https://www.ncbi.nlm.nih.gov/assembly/GCA_003966715.1/
343	500	GCA_001953075.1	SAMN06199441	Parahalioglobus pacificus	930806	Parahalioglobus pacificus	930806	ASM195307v1	Pukyong National University	2017-01-17	selector-v1-reference	OPS	1.0.0	1	b1b016891ae4e976d03606dfb2f35f74b03d21cf3ec82832f77f4d113bd622d5	005d1b674bb12719c003652c867486f83a5c860b4beb1016adf17f3c56c2d844	3ebce24ac4d1c620e9dde8c84f0c92fea9cc9e01	https://www.ncbi.nlm.nih.gov/assembly/GCA_001953075.1/
344	500	GCA_051307035.1	SAMN49498053	Psychrobacter sp. DM4	3440637	Psychrobacter sp. DM4	3440637	ASM5130703v1	Pukyong National University	2025-07-14	selector-v1-reference	OPS	1.0.0	1	b1b016891ae4e976d03606dfb2f35f74b03d21cf3ec82832f77f4d113bd622d5	005d1b674bb12719c003652c867486f83a5c860b4beb1016adf17f3c56c2d844	3ebce24ac4d1c620e9dde8c84f0c92fea9cc9e01	https://www.ncbi.nlm.nih.gov/assembly/GCA_051307035.1/
345	500	GCA_964031135.1	SAMEA115496733	Spiroplasma endosymbiont of Aleiodes alternator	3139329	Spiroplasma endosymbiont of Aleiodes alternator	3139329	iyAleAlte1.Spiroplasma_sp_1.1	WELLCOME SANGER INSTITUTE	2024-04-20	selector-v1-reference	OPS	1.0.0	1	b1b016891ae4e976d03606dfb2f35f74b03d21cf3ec82832f77f4d113bd622d5	005d1b674bb12719c003652c867486f83a5c860b4beb1016adf17f3c56c2d844	3ebce24ac4d1c620e9dde8c84f0c92fea9cc9e01	https://www.ncbi.nlm.nih.gov/assembly/GCA_964031135.1/
346	500	GCA_003428335.1	SAMN09840077	Solimonas sp. K1W22B-7	2303331	Solimonas sp. K1W22B-7	2303331	ASM342833v1	Chinese Academy of Sciences	2018-08-26	selector-v1-reference	OPS	1.0.0	1	b1b016891ae4e976d03606dfb2f35f74b03d21cf3ec82832f77f4d113bd622d5	005d1b674bb12719c003652c867486f83a5c860b4beb1016adf17f3c56c2d844	3ebce24ac4d1c620e9dde8c84f0c92fea9cc9e01	https://www.ncbi.nlm.nih.gov/assembly/GCA_003428335.1/
347	500	GCA_002157225.2	SAMN06187574	Agarilytica rhodophyticola	1737490	Agarilytica rhodophyticola	1737490	ASM215722v2	Shandong University at Weihai	2017-06-13	selector-v1-reference	OPS	1.0.0	1	b1b016891ae4e976d03606dfb2f35f74b03d21cf3ec82832f77f4d113bd622d5	005d1b674bb12719c003652c867486f83a5c860b4beb1016adf17f3c56c2d844	3ebce24ac4d1c620e9dde8c84f0c92fea9cc9e01	https://www.ncbi.nlm.nih.gov/assembly/GCA_002157225.2/
348	500	GCA_039858645.1	SAMN41415849	Pseudomonas anguilliseptica	53406	Pseudomonas anguilliseptica	53406	ASM3985864v1	Sichuan Agricultural University, College of veterinary medicine	2024-05-27	selector-v1-reference	OPS	1.0.0	1	b1b016891ae4e976d03606dfb2f35f74b03d21cf3ec82832f77f4d113bd622d5	005d1b674bb12719c003652c867486f83a5c860b4beb1016adf17f3c56c2d844	3ebce24ac4d1c620e9dde8c84f0c92fea9cc9e01	https://www.ncbi.nlm.nih.gov/assembly/GCA_039858645.1/
349	500	GCA_038024165.1	SAMN40517797	Polaribacter vadi	1774273	Polaribacter vadi	1774273	ASM3802416v1	Cong Sun Research Group	2024-04-08	selector-v1-reference	OPS	1.0.0	1	b1b016891ae4e976d03606dfb2f35f74b03d21cf3ec82832f77f4d113bd622d5	005d1b674bb12719c003652c867486f83a5c860b4beb1016adf17f3c56c2d844	3ebce24ac4d1c620e9dde8c84f0c92fea9cc9e01	https://www.ncbi.nlm.nih.gov/assembly/GCA_038024165.1/
350	500	GCA_045208415.1	SAMN30553321	Kitasatospora sp. NBC_01560	2975965	Kitasatospora sp. NBC_01560	2975965	ASM4520841v1	Technical University of Denmark	2024-01-23	selector-v1-reference	OPS	1.0.0	1	b1b016891ae4e976d03606dfb2f35f74b03d21cf3ec82832f77f4d113bd622d5	005d1b674bb12719c003652c867486f83a5c860b4beb1016adf17f3c56c2d844	3ebce24ac4d1c620e9dde8c84f0c92fea9cc9e01	https://www.ncbi.nlm.nih.gov/assembly/GCA_045208415.1/
351	500	GCA_029392135.1	SAMN31060675	Acinetobacter sp. ESL0695	2983215	Acinetobacter sp. ESL0695	2983215	ASM2939213v1	University of Lausanne	2023-03-27	selector-v1-reference	OPS	1.0.0	1	b1b016891ae4e976d03606dfb2f35f74b03d21cf3ec82832f77f4d113bd622d5	005d1b674bb12719c003652c867486f83a5c860b4beb1016adf17f3c56c2d844	3ebce24ac4d1c620e9dde8c84f0c92fea9cc9e01	https://www.ncbi.nlm.nih.gov/assembly/GCA_029392135.1/
352	500	GCA_014189505.1	SAMN14403982	Phyllobacterium sp. 628	2718938	Phyllobacterium sp. 628	2718938	ASM1418950v1	ARRIAM	2020-08-14	selector-v1-reference	OPS	1.0.0	1	b1b016891ae4e976d03606dfb2f35f74b03d21cf3ec82832f77f4d113bd622d5	005d1b674bb12719c003652c867486f83a5c860b4beb1016adf17f3c56c2d844	3ebce24ac4d1c620e9dde8c84f0c92fea9cc9e01	https://www.ncbi.nlm.nih.gov/assembly/GCA_014189505.1/
353	500	GCA_012516475.1	SAMN14564124	Parasphingorhabdus halotolerans	2725558	Parasphingorhabdus halotolerans	2725558	ASM1251647v1	Jeju National University	2020-04-19	selector-v1-reference	OPS	1.0.0	1	b1b016891ae4e976d03606dfb2f35f74b03d21cf3ec82832f77f4d113bd622d5	005d1b674bb12719c003652c867486f83a5c860b4beb1016adf17f3c56c2d844	3ebce24ac4d1c620e9dde8c84f0c92fea9cc9e01	https://www.ncbi.nlm.nih.gov/assembly/GCA_012516475.1/
354	500	GCA_003019815.1	SAMN08473591	Variovorax sp. PMC12	2126319	Variovorax sp. PMC12	2126319	ASM301981v1	National Institute of Agricultural Sciences	2018-03-27	selector-v1-reference	OPS	1.0.0	1	b1b016891ae4e976d03606dfb2f35f74b03d21cf3ec82832f77f4d113bd622d5	005d1b674bb12719c003652c867486f83a5c860b4beb1016adf17f3c56c2d844	3ebce24ac4d1c620e9dde8c84f0c92fea9cc9e01	https://www.ncbi.nlm.nih.gov/assembly/GCA_003019815.1/
355	500	GCA_040314805.1	SAMN36699634	Trinickia caryophylli	28094	Trinickia caryophylli	28094	SMRTlink v11.1.0	Animal and Plant Quarantine Agency	2024-06-25	selector-v1-reference	OPS	1.0.0	1	b1b016891ae4e976d03606dfb2f35f74b03d21cf3ec82832f77f4d113bd622d5	005d1b674bb12719c003652c867486f83a5c860b4beb1016adf17f3c56c2d844	3ebce24ac4d1c620e9dde8c84f0c92fea9cc9e01	https://www.ncbi.nlm.nih.gov/assembly/GCA_040314805.1/
356	500	GCA_027924845.1	SAMD00553064	Vibrio nigripulchritudo	28173	Vibrio nigripulchritudo	28173	ASM2792484v1	Laboratory of Genome Science Graduate School of Marine Science and Technology, Tokyo University of Marine Science and Technology	2022-12-21	selector-v1-reference	OPS	1.0.0	1	b1b016891ae4e976d03606dfb2f35f74b03d21cf3ec82832f77f4d113bd622d5	005d1b674bb12719c003652c867486f83a5c860b4beb1016adf17f3c56c2d844	3ebce24ac4d1c620e9dde8c84f0c92fea9cc9e01	https://www.ncbi.nlm.nih.gov/assembly/GCA_027924845.1/
357	500	GCA_001931675.1	SAMN04433088	Pandoraea thiooxydans	445709	Pandoraea thiooxydans	445709	ASM193167v1	Chungbuk National University	2017-01-04	selector-v1-reference	OPS	1.0.0	1	b1b016891ae4e976d03606dfb2f35f74b03d21cf3ec82832f77f4d113bd622d5	005d1b674bb12719c003652c867486f83a5c860b4beb1016adf17f3c56c2d844	3ebce24ac4d1c620e9dde8c84f0c92fea9cc9e01	https://www.ncbi.nlm.nih.gov/assembly/GCA_001931675.1/
358	500	GCA_045207295.1	SAMN30553254	Streptomyces sp. NBC_00826	2975845	Streptomyces sp. NBC_00826	2975845	ASM4520729v1	Technical University of Denmark	2024-01-23	selector-v1-reference	OPS	1.0.0	1	b1b016891ae4e976d03606dfb2f35f74b03d21cf3ec82832f77f4d113bd622d5	005d1b674bb12719c003652c867486f83a5c860b4beb1016adf17f3c56c2d844	3ebce24ac4d1c620e9dde8c84f0c92fea9cc9e01	https://www.ncbi.nlm.nih.gov/assembly/GCA_045207295.1/
359	500	GCA_052056295.1	SAMN46716610	Catenovulum sp. SX2	3398614	Catenovulum sp. SX2	3398614	ASM5205629v1	Universiti Sains Malaysia	2025-08-15	selector-v1-reference	OPS	1.0.0	1	b1b016891ae4e976d03606dfb2f35f74b03d21cf3ec82832f77f4d113bd622d5	005d1b674bb12719c003652c867486f83a5c860b4beb1016adf17f3c56c2d844	3ebce24ac4d1c620e9dde8c84f0c92fea9cc9e01	https://www.ncbi.nlm.nih.gov/assembly/GCA_052056295.1/
360	500	GCA_014681765.1	SAMN15922049	Roseicitreum antarcticum	564137	Roseicitreum antarcticum	564137	ASM1468176v1	Polar Research Institute of China	2020-09-22	selector-v1-reference	OPS	1.0.0	1	b1b016891ae4e976d03606dfb2f35f74b03d21cf3ec82832f77f4d113bd622d5	005d1b674bb12719c003652c867486f83a5c860b4beb1016adf17f3c56c2d844	3ebce24ac4d1c620e9dde8c84f0c92fea9cc9e01	https://www.ncbi.nlm.nih.gov/assembly/GCA_014681765.1/
361	500	GCA_037126435.1	SAMN40232245	Bernardetia sp. ABR2-2B	3127472	Bernardetia sp. ABR2-2B	3127472	ASM3712643v1	Korea research  institute of Bioscience  and Biotechnology	2024-03-13	selector-v1-reference	OPS	1.0.0	1	b1b016891ae4e976d03606dfb2f35f74b03d21cf3ec82832f77f4d113bd622d5	005d1b674bb12719c003652c867486f83a5c860b4beb1016adf17f3c56c2d844	3ebce24ac4d1c620e9dde8c84f0c92fea9cc9e01	https://www.ncbi.nlm.nih.gov/assembly/GCA_037126435.1/
362	500	GCA_034347405.1	SAMN36999980	Pseudomonas sp. CCC3.1	3048607	Pseudomonas sp. CCC3.1	3048607	ASM3434740v1	Aarhus Universitet Tech ENVS	2023-12-13	selector-v1-reference	OPS	1.0.0	1	b1b016891ae4e976d03606dfb2f35f74b03d21cf3ec82832f77f4d113bd622d5	005d1b674bb12719c003652c867486f83a5c860b4beb1016adf17f3c56c2d844	3ebce24ac4d1c620e9dde8c84f0c92fea9cc9e01	https://www.ncbi.nlm.nih.gov/assembly/GCA_034347405.1/
363	500	GCA_004358445.1	SAMN11110833	Parashewanella tropica	2547970	Parashewanella tropica	2547970	ASM435844v1	Korea Institue of Ocean Science and Technology	2019-03-20	selector-v1-reference	OPS	1.0.0	1	b1b016891ae4e976d03606dfb2f35f74b03d21cf3ec82832f77f4d113bd622d5	005d1b674bb12719c003652c867486f83a5c860b4beb1016adf17f3c56c2d844	3ebce24ac4d1c620e9dde8c84f0c92fea9cc9e01	https://www.ncbi.nlm.nih.gov/assembly/GCA_004358445.1/
364	500	GCA_000264945.2	SAMN02471717	Sphingobium indicum B90A	861109	Sphingobium indicum	332055	ASM26494v2	University of Delhi	2016-12-12	selector-v1-reference	OPS	1.0.0	1	b1b016891ae4e976d03606dfb2f35f74b03d21cf3ec82832f77f4d113bd622d5	005d1b674bb12719c003652c867486f83a5c860b4beb1016adf17f3c56c2d844	3ebce24ac4d1c620e9dde8c84f0c92fea9cc9e01	https://www.ncbi.nlm.nih.gov/assembly/GCA_000264945.2/
365	500	GCA_000183725.1	SAMN00713566	Sulfuricurvum kujiense DSM 16994	709032	Sulfuricurvum kujiense	148813	ASM18372v1	US DOE Joint Genome Institute (JGI-PGF)	2010-12-02	selector-v1-reference	OPS	1.0.0	1	b1b016891ae4e976d03606dfb2f35f74b03d21cf3ec82832f77f4d113bd622d5	005d1b674bb12719c003652c867486f83a5c860b4beb1016adf17f3c56c2d844	3ebce24ac4d1c620e9dde8c84f0c92fea9cc9e01	https://www.ncbi.nlm.nih.gov/assembly/GCA_000183725.1/
366	500	GCA_000949425.1	SAMN03342438	Paenibacillus sp. IHBB 10380	1566358	Paenibacillus sp. IHBB 10380	1566358	ASM94942v1	CSIR-Institute of Himalayan Bioresource Technology	2015-03-09	selector-v1-reference	OPS	1.0.0	1	b1b016891ae4e976d03606dfb2f35f74b03d21cf3ec82832f77f4d113bd622d5	005d1b674bb12719c003652c867486f83a5c860b4beb1016adf17f3c56c2d844	3ebce24ac4d1c620e9dde8c84f0c92fea9cc9e01	https://www.ncbi.nlm.nih.gov/assembly/GCA_000949425.1/
367	500	GCA_045277725.1	SAMN35325417	Malacoplasma iowae	2116	Malacoplasma iowae	2116	ASM4527772v1	MolliScience Kft.	2023-11-27	selector-v1-reference	OPS	1.0.0	1	b1b016891ae4e976d03606dfb2f35f74b03d21cf3ec82832f77f4d113bd622d5	005d1b674bb12719c003652c867486f83a5c860b4beb1016adf17f3c56c2d844	3ebce24ac4d1c620e9dde8c84f0c92fea9cc9e01	https://www.ncbi.nlm.nih.gov/assembly/GCA_045277725.1/
368	500	GCA_023716665.1	SAMN18309759	Vibrio sp. SCSIO 43135	2819096	Vibrio sp. SCSIO 43135	2819096	ASM2371666v1	South China Sea Institute of Oceanology,Chinese Academy of Sciences	2022-06-14	selector-v1-reference	OPS	1.0.0	1	b1b016891ae4e976d03606dfb2f35f74b03d21cf3ec82832f77f4d113bd622d5	005d1b674bb12719c003652c867486f83a5c860b4beb1016adf17f3c56c2d844	3ebce24ac4d1c620e9dde8c84f0c92fea9cc9e01	https://www.ncbi.nlm.nih.gov/assembly/GCA_023716665.1/
369	500	GCA_031884875.1	SAMN37445943	Vibrio ruber	184755	Vibrio ruber	184755	ASM3188487v1	Honam National Institute of Biological Resources	2023-09-25	selector-v1-reference	OPS	1.0.0	1	b1b016891ae4e976d03606dfb2f35f74b03d21cf3ec82832f77f4d113bd622d5	005d1b674bb12719c003652c867486f83a5c860b4beb1016adf17f3c56c2d844	3ebce24ac4d1c620e9dde8c84f0c92fea9cc9e01	https://www.ncbi.nlm.nih.gov/assembly/GCA_031884875.1/
370	500	GCA_026248825.1	SAMN31711601	Larkinella insperata	332158	Larkinella insperata	332158	ASM2624882v1	Microbiology Institute of Shaanxi	2022-11-21	selector-v1-reference	OPS	1.0.0	1	b1b016891ae4e976d03606dfb2f35f74b03d21cf3ec82832f77f4d113bd622d5	005d1b674bb12719c003652c867486f83a5c860b4beb1016adf17f3c56c2d844	3ebce24ac4d1c620e9dde8c84f0c92fea9cc9e01	https://www.ncbi.nlm.nih.gov/assembly/GCA_026248825.1/
371	500	GCA_030316605.1	SAMN04275153	Spiroplasma ixodetis Y32	1276219	Spiroplasma ixodetis	2141	ASM3031660v1	Academia Sinica	2023-06-21	selector-v1-reference	OPS	1.0.0	1	b1b016891ae4e976d03606dfb2f35f74b03d21cf3ec82832f77f4d113bd622d5	005d1b674bb12719c003652c867486f83a5c860b4beb1016adf17f3c56c2d844	3ebce24ac4d1c620e9dde8c84f0c92fea9cc9e01	https://www.ncbi.nlm.nih.gov/assembly/GCA_030316605.1/
372	500	GCA_024362325.1	SAMN29637734	Microcella humidisoli	2963406	Microcella humidisoli	2963406	ASM2436232v1	Department of Microbiology and Molecular Biology	2022-07-21	selector-v1-reference	OPS	1.0.0	1	b1b016891ae4e976d03606dfb2f35f74b03d21cf3ec82832f77f4d113bd622d5	005d1b674bb12719c003652c867486f83a5c860b4beb1016adf17f3c56c2d844	3ebce24ac4d1c620e9dde8c84f0c92fea9cc9e01	https://www.ncbi.nlm.nih.gov/assembly/GCA_024362325.1/
373	500	GCA_001277295.1	SAMN03568000	Anabaena sp. WA102	1647413	Anabaena sp. WA102	1647413	ASM127729v1	Oregon State University	2015-09-01	selector-v1-reference	OPS	1.0.0	1	b1b016891ae4e976d03606dfb2f35f74b03d21cf3ec82832f77f4d113bd622d5	005d1b674bb12719c003652c867486f83a5c860b4beb1016adf17f3c56c2d844	3ebce24ac4d1c620e9dde8c84f0c92fea9cc9e01	https://www.ncbi.nlm.nih.gov/assembly/GCA_001277295.1/
374	500	GCA_016756495.1	SAMD00233070	Mesorhizobium sp. 113-3-3	2744516	Mesorhizobium sp. 113-3-3	2744516	ASM1675649v1	Sato Lab., Molecular Genetics and Physiology, Graduate School of Life Sciences, Tohoku University	2020-12-15	selector-v1-reference	OPS	1.0.0	1	b1b016891ae4e976d03606dfb2f35f74b03d21cf3ec82832f77f4d113bd622d5	005d1b674bb12719c003652c867486f83a5c860b4beb1016adf17f3c56c2d844	3ebce24ac4d1c620e9dde8c84f0c92fea9cc9e01	https://www.ncbi.nlm.nih.gov/assembly/GCA_016756495.1/
375	500	GCA_005222165.1	SAMN10036145	Azospirillum argentinense	2970906	Azospirillum argentinense	2970906	ASM522216v1	Banaras Hindu University	2019-05-07	selector-v1-reference	OPS	1.0.0	1	b1b016891ae4e976d03606dfb2f35f74b03d21cf3ec82832f77f4d113bd622d5	005d1b674bb12719c003652c867486f83a5c860b4beb1016adf17f3c56c2d844	3ebce24ac4d1c620e9dde8c84f0c92fea9cc9e01	https://www.ncbi.nlm.nih.gov/assembly/GCA_005222165.1/
376	500	GCA_014109865.1	SAMN12671375	Aeromonas media	651	Aeromonas media	651	ASM1410986v1	Research Center for Eco-Environmental Sciences	2020-08-07	selector-v1-reference	OPS	1.0.0	1	b1b016891ae4e976d03606dfb2f35f74b03d21cf3ec82832f77f4d113bd622d5	005d1b674bb12719c003652c867486f83a5c860b4beb1016adf17f3c56c2d844	3ebce24ac4d1c620e9dde8c84f0c92fea9cc9e01	https://www.ncbi.nlm.nih.gov/assembly/GCA_014109865.1/
377	500	GCA_009834125.1	SAMN13679250	Streptomyces sp. GS7	2692234	Streptomyces sp. GS7	2692234	ASM983412v1	Shandong Unversity	2020-01-08	selector-v1-reference	OPS	1.0.0	1	b1b016891ae4e976d03606dfb2f35f74b03d21cf3ec82832f77f4d113bd622d5	005d1b674bb12719c003652c867486f83a5c860b4beb1016adf17f3c56c2d844	3ebce24ac4d1c620e9dde8c84f0c92fea9cc9e01	https://www.ncbi.nlm.nih.gov/assembly/GCA_009834125.1/
378	500	GCA_048302465.1	SAMN41427633	Variovorax sp. 375MFSha3.1	3158364	Variovorax sp. 375MFSha3.1	3158364	ASM4830246v1	University of the Pacific	2025-03-03	selector-v1-reference	OPS	1.0.0	1	b1b016891ae4e976d03606dfb2f35f74b03d21cf3ec82832f77f4d113bd622d5	005d1b674bb12719c003652c867486f83a5c860b4beb1016adf17f3c56c2d844	3ebce24ac4d1c620e9dde8c84f0c92fea9cc9e01	https://www.ncbi.nlm.nih.gov/assembly/GCA_048302465.1/
379	500	GCA_048307575.1	SAMN41427628	Variovorax paradoxus	34073	Variovorax paradoxus	34073	ASM4830757v1	University of the Pacific	2025-03-03	selector-v1-reference	OPS	1.0.0	1	b1b016891ae4e976d03606dfb2f35f74b03d21cf3ec82832f77f4d113bd622d5	005d1b674bb12719c003652c867486f83a5c860b4beb1016adf17f3c56c2d844	3ebce24ac4d1c620e9dde8c84f0c92fea9cc9e01	https://www.ncbi.nlm.nih.gov/assembly/GCA_048307575.1/
380	500	GCA_024582835.1	SAMN29984769	Vibrio japonicus	1824638	Vibrio japonicus	1824638	ASM2458283v1	Southern Oregon University Biology Department	2022-08-07	selector-v1-reference	OPS	1.0.0	1	b1b016891ae4e976d03606dfb2f35f74b03d21cf3ec82832f77f4d113bd622d5	005d1b674bb12719c003652c867486f83a5c860b4beb1016adf17f3c56c2d844	3ebce24ac4d1c620e9dde8c84f0c92fea9cc9e01	https://www.ncbi.nlm.nih.gov/assembly/GCA_024582835.1/
381	500	GCA_021729425.1	SAMN25184637	Pseudoalteromonas sp. CF6-2	562716	Pseudoalteromonas sp. CF6-2	562716	ASM2172942v1	shandong university	2022-01-31	selector-v1-reference	OPS	1.0.0	1	b1b016891ae4e976d03606dfb2f35f74b03d21cf3ec82832f77f4d113bd622d5	005d1b674bb12719c003652c867486f83a5c860b4beb1016adf17f3c56c2d844	3ebce24ac4d1c620e9dde8c84f0c92fea9cc9e01	https://www.ncbi.nlm.nih.gov/assembly/GCA_021729425.1/
382	500	GCA_050211005.1	SAMN48148721	Francisella noatunensis	657445	Francisella noatunensis	657445	ASM5021100v1	Memorial University of Newfoundland	2025-05-06	selector-v1-reference	OPS	1.0.0	1	b1b016891ae4e976d03606dfb2f35f74b03d21cf3ec82832f77f4d113bd622d5	005d1b674bb12719c003652c867486f83a5c860b4beb1016adf17f3c56c2d844	3ebce24ac4d1c620e9dde8c84f0c92fea9cc9e01	https://www.ncbi.nlm.nih.gov/assembly/GCA_050211005.1/
383	500	GCA_001891125.1	SAMN04811211	Leuconostoc suionicum	1511761	Leuconostoc suionicum	1511761	ASM189112v1	Chung-Ang University	2016-12-08	selector-v1-reference	OPS	1.0.0	1	b1b016891ae4e976d03606dfb2f35f74b03d21cf3ec82832f77f4d113bd622d5	005d1b674bb12719c003652c867486f83a5c860b4beb1016adf17f3c56c2d844	3ebce24ac4d1c620e9dde8c84f0c92fea9cc9e01	https://www.ncbi.nlm.nih.gov/assembly/GCA_001891125.1/
384	500	GCA_050949265.1	SAMN42902649	Actinoplanes sp. CA-054009	3239900	Actinoplanes sp. CA-054009	3239900	MDNA_WGS_249_assembly	Technical University of Denmark	2025-06-17	selector-v1-reference	OPS	1.0.0	1	b1b016891ae4e976d03606dfb2f35f74b03d21cf3ec82832f77f4d113bd622d5	005d1b674bb12719c003652c867486f83a5c860b4beb1016adf17f3c56c2d844	3ebce24ac4d1c620e9dde8c84f0c92fea9cc9e01	https://www.ncbi.nlm.nih.gov/assembly/GCA_050949265.1/
385	500	GCA_015482775.1	SAMN12206556	Kaustia mangrovi	2593653	Kaustia mangrovi	2593653	ASM1548277v1	KAUST	2020-11-16	selector-v1-reference	OPS	1.0.0	1	b1b016891ae4e976d03606dfb2f35f74b03d21cf3ec82832f77f4d113bd622d5	005d1b674bb12719c003652c867486f83a5c860b4beb1016adf17f3c56c2d844	3ebce24ac4d1c620e9dde8c84f0c92fea9cc9e01	https://www.ncbi.nlm.nih.gov/assembly/GCA_015482775.1/
386	500	GCA_047303345.1	SAMN37883954	Prochlorococcus sp. MIT 1227	3082536	Prochlorococcus sp. MIT 1227	3082536	ASM4730334v1	Massachusetts Institute of Technology	2025-01-29	selector-v1-reference	OPS	1.0.0	1	b1b016891ae4e976d03606dfb2f35f74b03d21cf3ec82832f77f4d113bd622d5	005d1b674bb12719c003652c867486f83a5c860b4beb1016adf17f3c56c2d844	3ebce24ac4d1c620e9dde8c84f0c92fea9cc9e01	https://www.ncbi.nlm.nih.gov/assembly/GCA_047303345.1/
387	500	GCA_014236795.1	SAMN14114378	Xanthomonas theicola	56464	Xanthomonas theicola	56464	ASM1423679v1	The Ohio State University	2020-08-18	selector-v1-reference	OPS	1.0.0	1	b1b016891ae4e976d03606dfb2f35f74b03d21cf3ec82832f77f4d113bd622d5	005d1b674bb12719c003652c867486f83a5c860b4beb1016adf17f3c56c2d844	3ebce24ac4d1c620e9dde8c84f0c92fea9cc9e01	https://www.ncbi.nlm.nih.gov/assembly/GCA_014236795.1/
388	500	GCA_009176745.1	SAMD00189858	Alteromonas sp. I4	2652380	Alteromonas sp. I4	2652380	ASM917674v1	National Institute of Advanced Industrial Science and Technology	2019-10-10	selector-v1-reference	OPS	1.0.0	1	b1b016891ae4e976d03606dfb2f35f74b03d21cf3ec82832f77f4d113bd622d5	005d1b674bb12719c003652c867486f83a5c860b4beb1016adf17f3c56c2d844	3ebce24ac4d1c620e9dde8c84f0c92fea9cc9e01	https://www.ncbi.nlm.nih.gov/assembly/GCA_009176745.1/
389	500	GCA_048541585.1	SAMN47143437	Legionella sp. D16C41	3402688	Legionella sp. D16C41	3402688	ASM4854158v1	Shenzhen Center for Disease Control and Prevention	2025-03-11	selector-v1-reference	OPS	1.0.0	1	b1b016891ae4e976d03606dfb2f35f74b03d21cf3ec82832f77f4d113bd622d5	005d1b674bb12719c003652c867486f83a5c860b4beb1016adf17f3c56c2d844	3ebce24ac4d1c620e9dde8c84f0c92fea9cc9e01	https://www.ncbi.nlm.nih.gov/assembly/GCA_048541585.1/
390	500	GCA_003410315.1	SAMN09812781	Olleya aquimaris	639310	Olleya aquimaris	639310	ASM341031v1	Dong-A University	2018-08-21	selector-v1-reference	OPS	1.0.0	1	b1b016891ae4e976d03606dfb2f35f74b03d21cf3ec82832f77f4d113bd622d5	005d1b674bb12719c003652c867486f83a5c860b4beb1016adf17f3c56c2d844	3ebce24ac4d1c620e9dde8c84f0c92fea9cc9e01	https://www.ncbi.nlm.nih.gov/assembly/GCA_003410315.1/
391	500	GCA_005280735.1	SAMN11476262	Trinickia violacea	2571746	Trinickia violacea	2571746	ASM528073v1	Sun Yat-sen University	2019-05-12	selector-v1-reference	OPS	1.0.0	1	b1b016891ae4e976d03606dfb2f35f74b03d21cf3ec82832f77f4d113bd622d5	005d1b674bb12719c003652c867486f83a5c860b4beb1016adf17f3c56c2d844	3ebce24ac4d1c620e9dde8c84f0c92fea9cc9e01	https://www.ncbi.nlm.nih.gov/assembly/GCA_005280735.1/
392	500	GCA_047324295.1	SAMN37926504	Fructilactobacillus vespulae	1249630	Fructilactobacillus vespulae	1249630	ASM4732429v1	Instituto de Agroquimica y Tecnologia de Alimentos (CSIC)	2025-01-30	selector-v1-reference	OPS	1.0.0	1	b1b016891ae4e976d03606dfb2f35f74b03d21cf3ec82832f77f4d113bd622d5	005d1b674bb12719c003652c867486f83a5c860b4beb1016adf17f3c56c2d844	3ebce24ac4d1c620e9dde8c84f0c92fea9cc9e01	https://www.ncbi.nlm.nih.gov/assembly/GCA_047324295.1/
393	500	GCA_000026445.2	SAMN02603618	Mycobacterium liflandii 128FXT	459424	Mycobacterium liflandii	261524	ASM2644v2	Monash University	2013-01-16	selector-v1-reference	OPS	1.0.0	1	b1b016891ae4e976d03606dfb2f35f74b03d21cf3ec82832f77f4d113bd622d5	005d1b674bb12719c003652c867486f83a5c860b4beb1016adf17f3c56c2d844	3ebce24ac4d1c620e9dde8c84f0c92fea9cc9e01	https://www.ncbi.nlm.nih.gov/assembly/GCA_000026445.2/
394	500	GCA_000020685.1	SAMN02603250	Deinococcus deserti VCD115	546414	Deinococcus deserti	310783	ASM2068v1	Genoscope	2009-04-02	selector-v1-reference	OPS	1.0.0	1	b1b016891ae4e976d03606dfb2f35f74b03d21cf3ec82832f77f4d113bd622d5	005d1b674bb12719c003652c867486f83a5c860b4beb1016adf17f3c56c2d844	3ebce24ac4d1c620e9dde8c84f0c92fea9cc9e01	https://www.ncbi.nlm.nih.gov/assembly/GCA_000020685.1/
395	500	GCA_013154915.1	SAMN14892363	Diaphorobacter sp. JS3050	2735554	Diaphorobacter sp. JS3050	2735554	ASM1315491v1	Shanghai Jiao Tong University	2020-05-23	selector-v1-reference	OPS	1.0.0	1	b1b016891ae4e976d03606dfb2f35f74b03d21cf3ec82832f77f4d113bd622d5	005d1b674bb12719c003652c867486f83a5c860b4beb1016adf17f3c56c2d844	3ebce24ac4d1c620e9dde8c84f0c92fea9cc9e01	https://www.ncbi.nlm.nih.gov/assembly/GCA_013154915.1/
396	500	GCA_025137375.1	SAMN18869931	Dactylosporangium fulvum	53359	Dactylosporangium fulvum	53359	ASM2513737v1	INSERM	2022-09-12	selector-v1-reference	OPS	1.0.0	1	b1b016891ae4e976d03606dfb2f35f74b03d21cf3ec82832f77f4d113bd622d5	005d1b674bb12719c003652c867486f83a5c860b4beb1016adf17f3c56c2d844	3ebce24ac4d1c620e9dde8c84f0c92fea9cc9e01	https://www.ncbi.nlm.nih.gov/assembly/GCA_025137375.1/
397	500	GCA_024453815.1	SAMN18647611	Corynebacterium pseudogenitalium	38303	Corynebacterium pseudogenitalium	38303	ASM2445381v1	University of Gothenburg - CCUG	2022-07-27	selector-v1-reference	OPS	1.0.0	1	b1b016891ae4e976d03606dfb2f35f74b03d21cf3ec82832f77f4d113bd622d5	005d1b674bb12719c003652c867486f83a5c860b4beb1016adf17f3c56c2d844	3ebce24ac4d1c620e9dde8c84f0c92fea9cc9e01	https://www.ncbi.nlm.nih.gov/assembly/GCA_024453815.1/
398	500	GCA_013146785.1	SAMN14133048	Shigella sonnei	624	Shigella sonnei	624	ASM1314678v1	University of Bern	2020-05-22	selector-v1-reference	OPS	1.0.0	1	b1b016891ae4e976d03606dfb2f35f74b03d21cf3ec82832f77f4d113bd622d5	005d1b674bb12719c003652c867486f83a5c860b4beb1016adf17f3c56c2d844	3ebce24ac4d1c620e9dde8c84f0c92fea9cc9e01	https://www.ncbi.nlm.nih.gov/assembly/GCA_013146785.1/
399	500	GCA_023634805.2	SAMN28648202	Comamonas endophytica	2949090	Comamonas endophytica	2949090	ASM2363480v2	Research Institute of Forestry, Chinese Academy of Forestry	2022-10-17	selector-v1-reference	OPS	1.0.0	1	b1b016891ae4e976d03606dfb2f35f74b03d21cf3ec82832f77f4d113bd622d5	005d1b674bb12719c003652c867486f83a5c860b4beb1016adf17f3c56c2d844	3ebce24ac4d1c620e9dde8c84f0c92fea9cc9e01	https://www.ncbi.nlm.nih.gov/assembly/GCA_023634805.2/
400	500	GCA_003967035.1	SAMD00115724	Aerosticca soli	2010829	Aerosticca soli	2010829	ASM396703v1	Institute of Low Temperature Science, Hokkaido University	2018-05-16	selector-v1-reference	OPS	1.0.0	1	b1b016891ae4e976d03606dfb2f35f74b03d21cf3ec82832f77f4d113bd622d5	005d1b674bb12719c003652c867486f83a5c860b4beb1016adf17f3c56c2d844	3ebce24ac4d1c620e9dde8c84f0c92fea9cc9e01	https://www.ncbi.nlm.nih.gov/assembly/GCA_003967035.1/
401	500	GCA_963360705.1	SAMEA114266243	Monoglobus pectinilyticus	1981510	Monoglobus pectinilyticus	1981510	RSTSDC17_v2	WASHINGTON UNIVERSITY CENTER FOR GENOME SCIENCES	2023-09-26	selector-v1-reference	OPS	1.0.0	1	b1b016891ae4e976d03606dfb2f35f74b03d21cf3ec82832f77f4d113bd622d5	005d1b674bb12719c003652c867486f83a5c860b4beb1016adf17f3c56c2d844	3ebce24ac4d1c620e9dde8c84f0c92fea9cc9e01	https://www.ncbi.nlm.nih.gov/assembly/GCA_963360705.1/
402	500	GCA_002407505.1	SAMN04096401	Pseudoalteromonas sp. 1_2015MBL_MicDiv	1720343	Pseudoalteromonas sp. 1_2015MBL_MicDiv	1720343	ASM240750v1	UC Davis	2017-10-02	selector-v1-reference	OPS	1.0.0	1	b1b016891ae4e976d03606dfb2f35f74b03d21cf3ec82832f77f4d113bd622d5	005d1b674bb12719c003652c867486f83a5c860b4beb1016adf17f3c56c2d844	3ebce24ac4d1c620e9dde8c84f0c92fea9cc9e01	https://www.ncbi.nlm.nih.gov/assembly/GCA_002407505.1/
403	500	GCA_009873495.1	SAMN13242330	Nostoc sp. ATCC 53789	76335	Nostoc sp. ATCC 53789	76335	ASM987349v1	TU Dortmund University	2020-01-14	selector-v1-reference	OPS	1.0.0	1	b1b016891ae4e976d03606dfb2f35f74b03d21cf3ec82832f77f4d113bd622d5	005d1b674bb12719c003652c867486f83a5c860b4beb1016adf17f3c56c2d844	3ebce24ac4d1c620e9dde8c84f0c92fea9cc9e01	https://www.ncbi.nlm.nih.gov/assembly/GCA_009873495.1/
404	500	GCA_031198785.1	SAMN37071674	Pseudoalteromonas sp. HL-AS1	3071081	Pseudoalteromonas sp. HL-AS1	3071081	ASM3119878v1	Seoul National University	2023-09-06	selector-v1-reference	OPS	1.0.0	1	b1b016891ae4e976d03606dfb2f35f74b03d21cf3ec82832f77f4d113bd622d5	005d1b674bb12719c003652c867486f83a5c860b4beb1016adf17f3c56c2d844	3ebce24ac4d1c620e9dde8c84f0c92fea9cc9e01	https://www.ncbi.nlm.nih.gov/assembly/GCA_031198785.1/
405	500	GCA_050507325.1	SAMN48172859	Janibacter zhangyanbonis	3405424	Janibacter zhangyanbonis	3405424	ASM5050732v1	Shanxi Medical University	2025-05-21	selector-v1-reference	OPS	1.0.0	1	b1b016891ae4e976d03606dfb2f35f74b03d21cf3ec82832f77f4d113bd622d5	005d1b674bb12719c003652c867486f83a5c860b4beb1016adf17f3c56c2d844	3ebce24ac4d1c620e9dde8c84f0c92fea9cc9e01	https://www.ncbi.nlm.nih.gov/assembly/GCA_050507325.1/
406	500	GCA_050235535.1	SAMN48211183	Aliinostoc sp. HNIBRCY26	3418997	Aliinostoc sp. HNIBRCY26	3418997	ASM5023553v1	Honam National Institute of Biological Resources	2025-05-07	selector-v1-reference	OPS	1.0.0	1	b1b016891ae4e976d03606dfb2f35f74b03d21cf3ec82832f77f4d113bd622d5	005d1b674bb12719c003652c867486f83a5c860b4beb1016adf17f3c56c2d844	3ebce24ac4d1c620e9dde8c84f0c92fea9cc9e01	https://www.ncbi.nlm.nih.gov/assembly/GCA_050235535.1/
407	500	GCA_051125215.1	SAMN33274005	Paraburkholderia sp. A3BS-1L	3028375	Paraburkholderia sp. A3BS-1L	3028375	ASM5112521v1	KU Leuven	2025-06-27	selector-v1-reference	OPS	1.0.0	1	b1b016891ae4e976d03606dfb2f35f74b03d21cf3ec82832f77f4d113bd622d5	005d1b674bb12719c003652c867486f83a5c860b4beb1016adf17f3c56c2d844	3ebce24ac4d1c620e9dde8c84f0c92fea9cc9e01	https://www.ncbi.nlm.nih.gov/assembly/GCA_051125215.1/
408	500	GCA_026278265.1	SAMN31562817	Clostridium sp. LQ25	2992805	Clostridium sp. LQ25	2992805	ASM2627826v1	Tianjin University of Science and Technology	2022-11-22	selector-v1-reference	OPS	1.0.0	1	b1b016891ae4e976d03606dfb2f35f74b03d21cf3ec82832f77f4d113bd622d5	005d1b674bb12719c003652c867486f83a5c860b4beb1016adf17f3c56c2d844	3ebce24ac4d1c620e9dde8c84f0c92fea9cc9e01	https://www.ncbi.nlm.nih.gov/assembly/GCA_026278265.1/
409	500	GCA_018336615.1	SAMN13943412	Psychrobacter pacificensis	112002	Psychrobacter pacificensis	112002	ASM1833661v1	School of Life Sciences and Biotechnology	2021-05-11	selector-v1-reference	OPS	1.0.0	1	b1b016891ae4e976d03606dfb2f35f74b03d21cf3ec82832f77f4d113bd622d5	005d1b674bb12719c003652c867486f83a5c860b4beb1016adf17f3c56c2d844	3ebce24ac4d1c620e9dde8c84f0c92fea9cc9e01	https://www.ncbi.nlm.nih.gov/assembly/GCA_018336615.1/
410	500	GCA_000784875.3	SAMN02709496	Pantoea sp. PSNIH1	1484158	Pantoea sp. PSNIH1	1484158	ASM78487v3	NIH	2014-12-23	selector-v1-reference	OPS	1.0.0	1	b1b016891ae4e976d03606dfb2f35f74b03d21cf3ec82832f77f4d113bd622d5	005d1b674bb12719c003652c867486f83a5c860b4beb1016adf17f3c56c2d844	3ebce24ac4d1c620e9dde8c84f0c92fea9cc9e01	https://www.ncbi.nlm.nih.gov/assembly/GCA_000784875.3/
411	500	GCA_009495655.1	SAMN13107518	Streptomyces sp. SYP-A7193	2662065	Streptomyces sp. SYP-A7193	2662065	ASM949565v1	Shenyang Pharmaceutical University	2019-11-02	selector-v1-reference	OPS	1.0.0	1	b1b016891ae4e976d03606dfb2f35f74b03d21cf3ec82832f77f4d113bd622d5	005d1b674bb12719c003652c867486f83a5c860b4beb1016adf17f3c56c2d844	3ebce24ac4d1c620e9dde8c84f0c92fea9cc9e01	https://www.ncbi.nlm.nih.gov/assembly/GCA_009495655.1/
412	500	GCA_030506325.1	SAMN33591003	Tunicatimonas pelagia	931531	Tunicatimonas pelagia	931531	ASM3050632v1	Xiamen University	2023-07-19	selector-v1-reference	OPS	1.0.0	1	b1b016891ae4e976d03606dfb2f35f74b03d21cf3ec82832f77f4d113bd622d5	005d1b674bb12719c003652c867486f83a5c860b4beb1016adf17f3c56c2d844	3ebce24ac4d1c620e9dde8c84f0c92fea9cc9e01	https://www.ncbi.nlm.nih.gov/assembly/GCA_030506325.1/
413	500	GCA_041871525.1	SAMN28129676	Virgibacillus sp. CBA3643	2942278	Virgibacillus sp. CBA3643	2942278	ASM4187152v1	World Institute of Kimchi	2024-09-09	selector-v1-reference	OPS	1.0.0	1	b1b016891ae4e976d03606dfb2f35f74b03d21cf3ec82832f77f4d113bd622d5	005d1b674bb12719c003652c867486f83a5c860b4beb1016adf17f3c56c2d844	3ebce24ac4d1c620e9dde8c84f0c92fea9cc9e01	https://www.ncbi.nlm.nih.gov/assembly/GCA_041871525.1/
414	500	GCA_905175385.2	SAMEA7746099	Vibrio sp. B1FLJ16	2751178	Vibrio sp. B1FLJ16	2751178	B1FLJ16-Hybrid_2	UMR 1253, INRA/Agrocampus	2021-03-25	selector-v1-reference	OPS	1.0.0	1	b1b016891ae4e976d03606dfb2f35f74b03d21cf3ec82832f77f4d113bd622d5	005d1b674bb12719c003652c867486f83a5c860b4beb1016adf17f3c56c2d844	3ebce24ac4d1c620e9dde8c84f0c92fea9cc9e01	https://www.ncbi.nlm.nih.gov/assembly/GCA_905175385.2/
415	500	GCA_004328665.1	SAMN06323244	Pseudoalteromonas sp. DL-6	1390185	Pseudoalteromonas sp. DL-6	1390185	ASM432866v1	Dalian University	2019-03-06	selector-v1-reference	OPS	1.0.0	1	b1b016891ae4e976d03606dfb2f35f74b03d21cf3ec82832f77f4d113bd622d5	005d1b674bb12719c003652c867486f83a5c860b4beb1016adf17f3c56c2d844	3ebce24ac4d1c620e9dde8c84f0c92fea9cc9e01	https://www.ncbi.nlm.nih.gov/assembly/GCA_004328665.1/
416	500	GCA_041468075.1	SAMN32936497	Tistrella mobilis	171437	Tistrella mobilis	171437	ASM4146807v1	Shenzhen Bay Lab	2024-08-26	selector-v1-reference	OPS	1.0.0	1	b1b016891ae4e976d03606dfb2f35f74b03d21cf3ec82832f77f4d113bd622d5	005d1b674bb12719c003652c867486f83a5c860b4beb1016adf17f3c56c2d844	3ebce24ac4d1c620e9dde8c84f0c92fea9cc9e01	https://www.ncbi.nlm.nih.gov/assembly/GCA_041468075.1/
417	500	GCA_015291645.1	SAMN03459142	Bradyrhizobium sp. CCBAU 53340	1325112	Bradyrhizobium sp. CCBAU 53340	1325112	ASM1529164v1	China Agricultural University	2020-11-09	selector-v1-reference	OPS	1.0.0	1	b1b016891ae4e976d03606dfb2f35f74b03d21cf3ec82832f77f4d113bd622d5	005d1b674bb12719c003652c867486f83a5c860b4beb1016adf17f3c56c2d844	3ebce24ac4d1c620e9dde8c84f0c92fea9cc9e01	https://www.ncbi.nlm.nih.gov/assembly/GCA_015291645.1/
418	500	GCA_046097495.1	SAMN45075124	Corynebacterium axilliensis	3383589	Corynebacterium axilliensis	3383589	ASM4609749v1	University of York	2024-12-15	selector-v1-reference	OPS	1.0.0	1	b1b016891ae4e976d03606dfb2f35f74b03d21cf3ec82832f77f4d113bd622d5	005d1b674bb12719c003652c867486f83a5c860b4beb1016adf17f3c56c2d844	3ebce24ac4d1c620e9dde8c84f0c92fea9cc9e01	https://www.ncbi.nlm.nih.gov/assembly/GCA_046097495.1/
419	500	GCA_004028275.1	SAMN10724091	Hydrogenovibrio thermophilus	265883	Hydrogenovibrio thermophilus	265883	ASM402827v1	University of South Florida	2019-01-17	selector-v1-reference	OPS	1.0.0	1	b1b016891ae4e976d03606dfb2f35f74b03d21cf3ec82832f77f4d113bd622d5	005d1b674bb12719c003652c867486f83a5c860b4beb1016adf17f3c56c2d844	3ebce24ac4d1c620e9dde8c84f0c92fea9cc9e01	https://www.ncbi.nlm.nih.gov/assembly/GCA_004028275.1/
420	500	GCA_022410435.1	SAMN24108876	Roseivivax marinus	1379903	Roseivivax marinus	1379903	ASM2241043v1	Resource and Environment Center	2022-02-28	selector-v1-reference	OPS	1.0.0	1	b1b016891ae4e976d03606dfb2f35f74b03d21cf3ec82832f77f4d113bd622d5	005d1b674bb12719c003652c867486f83a5c860b4beb1016adf17f3c56c2d844	3ebce24ac4d1c620e9dde8c84f0c92fea9cc9e01	https://www.ncbi.nlm.nih.gov/assembly/GCA_022410435.1/
421	500	GCA_051294865.1	SAMN39909796	Cellulosimicrobium sp. PMB13	3120158	Cellulosimicrobium sp. PMB13	3120158	ASM5129486v1	University of Plovdiv	2025-07-10	selector-v1-reference	OPS	1.0.0	1	b1b016891ae4e976d03606dfb2f35f74b03d21cf3ec82832f77f4d113bd622d5	005d1b674bb12719c003652c867486f83a5c860b4beb1016adf17f3c56c2d844	3ebce24ac4d1c620e9dde8c84f0c92fea9cc9e01	https://www.ncbi.nlm.nih.gov/assembly/GCA_051294865.1/
422	500	GCA_050555575.1	SAMN16255563	Enterococcus sp. MSG3310	2774835	Enterococcus sp. MSG3310	2774835	ASM5055557v1	Broad Institute	2025-05-23	selector-v1-reference	OPS	1.0.0	1	b1b016891ae4e976d03606dfb2f35f74b03d21cf3ec82832f77f4d113bd622d5	005d1b674bb12719c003652c867486f83a5c860b4beb1016adf17f3c56c2d844	3ebce24ac4d1c620e9dde8c84f0c92fea9cc9e01	https://www.ncbi.nlm.nih.gov/assembly/GCA_050555575.1/
423	500	GCA_051603415.1	SAMN48750230	Streptomyces sp. S186	3434395	Streptomyces sp. S186	3434395	ASM5160341v1	Wuhan University	2025-07-30	selector-v1-reference	OPS	1.0.0	1	b1b016891ae4e976d03606dfb2f35f74b03d21cf3ec82832f77f4d113bd622d5	005d1b674bb12719c003652c867486f83a5c860b4beb1016adf17f3c56c2d844	3ebce24ac4d1c620e9dde8c84f0c92fea9cc9e01	https://www.ncbi.nlm.nih.gov/assembly/GCA_051603415.1/
424	500	GCA_030064145.1	SAMN35102113	Bacillus sp. BTAI	3047028	Bacillus sp. BTAI	3047028	ASM3006414v1	Zhongkai College of Agriculture and Engineering	2023-05-23	selector-v1-reference	OPS	1.0.0	1	b1b016891ae4e976d03606dfb2f35f74b03d21cf3ec82832f77f4d113bd622d5	005d1b674bb12719c003652c867486f83a5c860b4beb1016adf17f3c56c2d844	3ebce24ac4d1c620e9dde8c84f0c92fea9cc9e01	https://www.ncbi.nlm.nih.gov/assembly/GCA_030064145.1/
425	500	GCA_902829275.1	SAMEA6627641	Kyrpidia spormannii	2055160	Kyrpidia spormannii	2055160	COOX1	RADBOUD UNIVERSITY	2020-04-15	selector-v1-reference	OPS	1.0.0	1	b1b016891ae4e976d03606dfb2f35f74b03d21cf3ec82832f77f4d113bd622d5	005d1b674bb12719c003652c867486f83a5c860b4beb1016adf17f3c56c2d844	3ebce24ac4d1c620e9dde8c84f0c92fea9cc9e01	https://www.ncbi.nlm.nih.gov/assembly/GCA_902829275.1/
426	500	GCA_002192355.1	SAMN04015004	Enterobacter cloacae complex sp.	2027919	Enterobacter cloacae complex sp.	2027919	ASM219235v1	Centers for Disease Control and Prevention	2017-06-13	selector-v1-reference	OPS	1.0.0	1	b1b016891ae4e976d03606dfb2f35f74b03d21cf3ec82832f77f4d113bd622d5	005d1b674bb12719c003652c867486f83a5c860b4beb1016adf17f3c56c2d844	3ebce24ac4d1c620e9dde8c84f0c92fea9cc9e01	https://www.ncbi.nlm.nih.gov/assembly/GCA_002192355.1/
427	500	GCA_038789205.1	SAMN35616942	Staphylococcus hsinchuensis	3051183	Staphylococcus hsinchuensis	3051183	ASM3878920v1	Taiwan Food and Drug Administration	2024-04-30	selector-v1-reference	OPS	1.0.0	1	b1b016891ae4e976d03606dfb2f35f74b03d21cf3ec82832f77f4d113bd622d5	005d1b674bb12719c003652c867486f83a5c860b4beb1016adf17f3c56c2d844	3ebce24ac4d1c620e9dde8c84f0c92fea9cc9e01	https://www.ncbi.nlm.nih.gov/assembly/GCA_038789205.1/
428	500	GCA_003990705.1	SAMD00079807	Nostoc sp. HK-01	196308	Nostoc sp. HK-01	196308	ASM399070v1	Toyohashi University of Technology	2018-04-04	selector-v1-reference	OPS	1.0.0	1	b1b016891ae4e976d03606dfb2f35f74b03d21cf3ec82832f77f4d113bd622d5	005d1b674bb12719c003652c867486f83a5c860b4beb1016adf17f3c56c2d844	3ebce24ac4d1c620e9dde8c84f0c92fea9cc9e01	https://www.ncbi.nlm.nih.gov/assembly/GCA_003990705.1/
429	500	GCA_002935105.1	SAMN06040408	Leclercia sp. LSNIH3	1920116	Leclercia sp. LSNIH3	1920116	ASM293510v1	NIH	2018-02-04	selector-v1-reference	OPS	1.0.0	1	b1b016891ae4e976d03606dfb2f35f74b03d21cf3ec82832f77f4d113bd622d5	005d1b674bb12719c003652c867486f83a5c860b4beb1016adf17f3c56c2d844	3ebce24ac4d1c620e9dde8c84f0c92fea9cc9e01	https://www.ncbi.nlm.nih.gov/assembly/GCA_002935105.1/
430	500	GCA_964026425.1	SAMEA114450247	Candidatus Tisiphia endosymbiont of Ditula angustiorana	3066272	Candidatus Tisiphia endosymbiont of Ditula angustiorana	3066272	ilDitAngu1.Tisiphia_sp_1.1	WELLCOME SANGER INSTITUTE	2024-04-13	selector-v1-reference	OPS	1.0.0	1	b1b016891ae4e976d03606dfb2f35f74b03d21cf3ec82832f77f4d113bd622d5	005d1b674bb12719c003652c867486f83a5c860b4beb1016adf17f3c56c2d844	3ebce24ac4d1c620e9dde8c84f0c92fea9cc9e01	https://www.ncbi.nlm.nih.gov/assembly/GCA_964026425.1/
431	500	GCA_037940415.1	SAMN40560783	Streptomyces sp. f51	1827742	Streptomyces sp. f51	1827742	ASM3794041v1	Southwest University	2024-03-31	selector-v1-reference	OPS	1.0.0	1	b1b016891ae4e976d03606dfb2f35f74b03d21cf3ec82832f77f4d113bd622d5	005d1b674bb12719c003652c867486f83a5c860b4beb1016adf17f3c56c2d844	3ebce24ac4d1c620e9dde8c84f0c92fea9cc9e01	https://www.ncbi.nlm.nih.gov/assembly/GCA_037940415.1/
432	500	GCA_029714405.1	SAMN34043463	Bradyrhizobium sp. CB82	3039159	Bradyrhizobium sp. CB82	3039159	ASM2971440v1	Murdoch University	2023-04-13	selector-v1-reference	OPS	1.0.0	1	b1b016891ae4e976d03606dfb2f35f74b03d21cf3ec82832f77f4d113bd622d5	005d1b674bb12719c003652c867486f83a5c860b4beb1016adf17f3c56c2d844	3ebce24ac4d1c620e9dde8c84f0c92fea9cc9e01	https://www.ncbi.nlm.nih.gov/assembly/GCA_029714405.1/
433	500	GCA_041464105.1	SAMN42278573	Xanthomonas axonopodis pv. phyllanthi	473414	Xanthomonas axonopodis	53413	NCPPB2066_v1_ONT	University of Exeter	2024-08-26	selector-v1-reference	OPS	1.0.0	1	b1b016891ae4e976d03606dfb2f35f74b03d21cf3ec82832f77f4d113bd622d5	005d1b674bb12719c003652c867486f83a5c860b4beb1016adf17f3c56c2d844	3ebce24ac4d1c620e9dde8c84f0c92fea9cc9e01	https://www.ncbi.nlm.nih.gov/assembly/GCA_041464105.1/
434	500	GCA_045999815.1	SAMN44348251	Butyrivibrio sp. NATIVEDY162	3236815	Butyrivibrio sp. NATIVEDY162	3236815	ASM4599981v1	Native Microbials	2024-12-11	selector-v1-reference	OPS	1.0.0	1	b1b016891ae4e976d03606dfb2f35f74b03d21cf3ec82832f77f4d113bd622d5	005d1b674bb12719c003652c867486f83a5c860b4beb1016adf17f3c56c2d844	3ebce24ac4d1c620e9dde8c84f0c92fea9cc9e01	https://www.ncbi.nlm.nih.gov/assembly/GCA_045999815.1/
435	500	GCA_036347035.1	SAMN30553251	Micromonospora sp. NBC_00821	2975977	Micromonospora sp. NBC_00821	2975977	ASM3634703v1	Technical University of Denmark	2024-02-02	selector-v1-reference	OPS	1.0.0	1	b1b016891ae4e976d03606dfb2f35f74b03d21cf3ec82832f77f4d113bd622d5	005d1b674bb12719c003652c867486f83a5c860b4beb1016adf17f3c56c2d844	3ebce24ac4d1c620e9dde8c84f0c92fea9cc9e01	https://www.ncbi.nlm.nih.gov/assembly/GCA_036347035.1/
436	500	GCA_000012805.1	SAMN02598329	Nitrosococcus oceani ATCC 19707	323261	Nitrosococcus oceani	1229	ASM1280v1	DOE Joint Genome Institute	2005-10-04	selector-v1-reference	OPS	1.0.0	1	b1b016891ae4e976d03606dfb2f35f74b03d21cf3ec82832f77f4d113bd622d5	005d1b674bb12719c003652c867486f83a5c860b4beb1016adf17f3c56c2d844	3ebce24ac4d1c620e9dde8c84f0c92fea9cc9e01	https://www.ncbi.nlm.nih.gov/assembly/GCA_000012805.1/
437	500	GCA_001521855.1	SAMN04422304	Picosynechococcus sp. PCC 73109	374982	Picosynechococcus sp. PCC 73109	374982	ASM152185v1	Pennsylvania State University	2016-01-21	selector-v1-reference	OPS	1.0.0	1	b1b016891ae4e976d03606dfb2f35f74b03d21cf3ec82832f77f4d113bd622d5	005d1b674bb12719c003652c867486f83a5c860b4beb1016adf17f3c56c2d844	3ebce24ac4d1c620e9dde8c84f0c92fea9cc9e01	https://www.ncbi.nlm.nih.gov/assembly/GCA_001521855.1/
438	500	GCA_041897515.1	SAMN43387893	Stenotrophomonas sp. P2112	3308998	Stenotrophomonas sp. P2112	3308998	ASM4189751v1	Third Institute of Oceanography, Ministry of Natural Resources	2024-09-11	selector-v1-reference	OPS	1.0.0	1	b1b016891ae4e976d03606dfb2f35f74b03d21cf3ec82832f77f4d113bd622d5	005d1b674bb12719c003652c867486f83a5c860b4beb1016adf17f3c56c2d844	3ebce24ac4d1c620e9dde8c84f0c92fea9cc9e01	https://www.ncbi.nlm.nih.gov/assembly/GCA_041897515.1/
439	500	GCA_047224505.1	SAMD00856356	Oscillospiraceae bacterium YB328	2963882	Oscillospiraceae bacterium YB328	2963882	YB328	Department of Infection Metagenomics, RIMD, Osaka University	2025-01-27	selector-v1-reference	OPS	1.0.0	1	b1b016891ae4e976d03606dfb2f35f74b03d21cf3ec82832f77f4d113bd622d5	005d1b674bb12719c003652c867486f83a5c860b4beb1016adf17f3c56c2d844	3ebce24ac4d1c620e9dde8c84f0c92fea9cc9e01	https://www.ncbi.nlm.nih.gov/assembly/GCA_047224505.1/
440	500	GCA_051524405.1	SAMN40441105	Sorangium sp. So ce119	3133279	Sorangium sp. So ce119	3133279	ASM5152440v1	Leibniz-Institute DSMZ - German Collection of Microorganisms and Cell Cultures	2025-07-24	selector-v1-reference	OPS	1.0.0	1	b1b016891ae4e976d03606dfb2f35f74b03d21cf3ec82832f77f4d113bd622d5	005d1b674bb12719c003652c867486f83a5c860b4beb1016adf17f3c56c2d844	3ebce24ac4d1c620e9dde8c84f0c92fea9cc9e01	https://www.ncbi.nlm.nih.gov/assembly/GCA_051524405.1/
441	500	GCA_018798825.1	SAMN19403784	Ochrobactrum sp. BTU1	2840456	Ochrobactrum sp. BTU1	2840456	ASM1879882v1	BTU Cottbus-Senftenberg, Institute of Biotechnology	2021-06-09	selector-v1-reference	OPS	1.0.0	1	b1b016891ae4e976d03606dfb2f35f74b03d21cf3ec82832f77f4d113bd622d5	005d1b674bb12719c003652c867486f83a5c860b4beb1016adf17f3c56c2d844	3ebce24ac4d1c620e9dde8c84f0c92fea9cc9e01	https://www.ncbi.nlm.nih.gov/assembly/GCA_018798825.1/
442	500	GCA_017310035.1	SAMN07299025	Nocardioides sp. S5	2017486	Nocardioides sp. S5	2017486	ASM1731003v1	The University of Tokyo	2021-03-09	selector-v1-reference	OPS	1.0.0	1	b1b016891ae4e976d03606dfb2f35f74b03d21cf3ec82832f77f4d113bd622d5	005d1b674bb12719c003652c867486f83a5c860b4beb1016adf17f3c56c2d844	3ebce24ac4d1c620e9dde8c84f0c92fea9cc9e01	https://www.ncbi.nlm.nih.gov/assembly/GCA_017310035.1/
443	500	GCA_003100395.1	SAMN09010100	Aquabacterium olei	1296669	Aquabacterium olei	1296669	ASM310039v1	Zhejiang Academy of Agricultural Sciences	2018-05-09	selector-v1-reference	OPS	1.0.0	1	b1b016891ae4e976d03606dfb2f35f74b03d21cf3ec82832f77f4d113bd622d5	005d1b674bb12719c003652c867486f83a5c860b4beb1016adf17f3c56c2d844	3ebce24ac4d1c620e9dde8c84f0c92fea9cc9e01	https://www.ncbi.nlm.nih.gov/assembly/GCA_003100395.1/
444	500	GCA_000016985.1	SAMN02598282	Alkaliphilus metalliredigens QYMF	293826	Alkaliphilus metalliredigens	208226	ASM1698v1	US DOE Joint Genome Institute	2007-06-28	selector-v1-reference	OPS	1.0.0	1	b1b016891ae4e976d03606dfb2f35f74b03d21cf3ec82832f77f4d113bd622d5	005d1b674bb12719c003652c867486f83a5c860b4beb1016adf17f3c56c2d844	3ebce24ac4d1c620e9dde8c84f0c92fea9cc9e01	https://www.ncbi.nlm.nih.gov/assembly/GCA_000016985.1/
445	500	GCA_030272265.2	SAMN23371906	Bradyrhizobium sp. 62B	2898442	Bradyrhizobium sp. 62B	2898442	ASM3027226v2	UNRC	2023-11-29	selector-v1-reference	OPS	1.0.0	1	b1b016891ae4e976d03606dfb2f35f74b03d21cf3ec82832f77f4d113bd622d5	005d1b674bb12719c003652c867486f83a5c860b4beb1016adf17f3c56c2d844	3ebce24ac4d1c620e9dde8c84f0c92fea9cc9e01	https://www.ncbi.nlm.nih.gov/assembly/GCA_030272265.2/
446	500	GCA_041200175.1	SAMN42505440	Streptomyces sp. R33	3238629	Streptomyces sp. R33	3238629	ASM4120017v1	College of resources and Environmental Sciences	2024-08-11	selector-v1-reference	OPS	1.0.0	1	b1b016891ae4e976d03606dfb2f35f74b03d21cf3ec82832f77f4d113bd622d5	005d1b674bb12719c003652c867486f83a5c860b4beb1016adf17f3c56c2d844	3ebce24ac4d1c620e9dde8c84f0c92fea9cc9e01	https://www.ncbi.nlm.nih.gov/assembly/GCA_041200175.1/
447	500	GCA_027946175.1	SAMD00512235	Nitratiruptor tergarcus DSM 16512	1069081	Nitratiruptor tergarcus	269259	ASM2794617v1	Laboratory of Microbiology, Division of Marine Life Science, Faculty of Fisheries Science, Hokkaido University	2022-11-15	selector-v1-reference	OPS	1.0.0	1	b1b016891ae4e976d03606dfb2f35f74b03d21cf3ec82832f77f4d113bd622d5	005d1b674bb12719c003652c867486f83a5c860b4beb1016adf17f3c56c2d844	3ebce24ac4d1c620e9dde8c84f0c92fea9cc9e01	https://www.ncbi.nlm.nih.gov/assembly/GCA_027946175.1/
448	500	GCA_006159205.1	SAMN11935687	Antarcticibacterium flavum	2058175	Antarcticibacterium flavum	2058175	ASM615920v1	KOREA POLAR RESEARCH INSTITUTE	2019-06-10	selector-v1-reference	OPS	1.0.0	1	b1b016891ae4e976d03606dfb2f35f74b03d21cf3ec82832f77f4d113bd622d5	005d1b674bb12719c003652c867486f83a5c860b4beb1016adf17f3c56c2d844	3ebce24ac4d1c620e9dde8c84f0c92fea9cc9e01	https://www.ncbi.nlm.nih.gov/assembly/GCA_006159205.1/
449	500	GCA_022637375.2	SAMN26520713	Bacillus sp. N5-665	2925318	Bacillus sp. N5-665	2925318	ASM2263737v2	Exploratories for large-scale and long-term functional biodiversity research	2022-03-21	selector-v1-reference	OPS	1.0.0	1	b1b016891ae4e976d03606dfb2f35f74b03d21cf3ec82832f77f4d113bd622d5	005d1b674bb12719c003652c867486f83a5c860b4beb1016adf17f3c56c2d844	3ebce24ac4d1c620e9dde8c84f0c92fea9cc9e01	https://www.ncbi.nlm.nih.gov/assembly/GCA_022637375.2/
450	500	GCA_044218835.1	SAMN42513307	Pseudomonas sp. A1437	3235107	Pseudomonas sp. A1437	3235107	ASM4421883v1	UMR 1300 BIOEPAR	2024-11-01	selector-v1-reference	OPS	1.0.0	1	b1b016891ae4e976d03606dfb2f35f74b03d21cf3ec82832f77f4d113bd622d5	005d1b674bb12719c003652c867486f83a5c860b4beb1016adf17f3c56c2d844	3ebce24ac4d1c620e9dde8c84f0c92fea9cc9e01	https://www.ncbi.nlm.nih.gov/assembly/GCA_044218835.1/
451	500	GCA_019443745.1	SAMN14483345	Iamia sp. SCSIO 61187	2722752	Iamia sp. SCSIO 61187	2722752	ASM1944374v1	south china sea institute of oceanology	2021-08-03	selector-v1-reference	OPS	1.0.0	1	b1b016891ae4e976d03606dfb2f35f74b03d21cf3ec82832f77f4d113bd622d5	005d1b674bb12719c003652c867486f83a5c860b4beb1016adf17f3c56c2d844	3ebce24ac4d1c620e9dde8c84f0c92fea9cc9e01	https://www.ncbi.nlm.nih.gov/assembly/GCA_019443745.1/
452	500	GCA_900095135.1	SAMEA4373296	Proteiniphilum saccharofermentans	1642647	Proteiniphilum saccharofermentans	1642647	M36	CEBITEC	2017-01-26	selector-v1-reference	OPS	1.0.0	1	b1b016891ae4e976d03606dfb2f35f74b03d21cf3ec82832f77f4d113bd622d5	005d1b674bb12719c003652c867486f83a5c860b4beb1016adf17f3c56c2d844	3ebce24ac4d1c620e9dde8c84f0c92fea9cc9e01	https://www.ncbi.nlm.nih.gov/assembly/GCA_900095135.1/
453	500	GCA_024758885.1	SAMN30323308	Bacteroides cellulosilyticus	246787	Bacteroides cellulosilyticus	246787	ASM2475888v1	National Institute of Allergy and Infectious Disease	2022-08-29	selector-v1-reference	OPS	1.0.0	1	b1b016891ae4e976d03606dfb2f35f74b03d21cf3ec82832f77f4d113bd622d5	005d1b674bb12719c003652c867486f83a5c860b4beb1016adf17f3c56c2d844	3ebce24ac4d1c620e9dde8c84f0c92fea9cc9e01	https://www.ncbi.nlm.nih.gov/assembly/GCA_024758885.1/
454	500	GCA_046717515.1	SAMN45893579	Corynebacterium sp. LaCa7	3391429	Corynebacterium sp. LaCa7	3391429	LaCa7_v1	Bielefeld University	2025-01-15	selector-v1-reference	OPS	1.0.0	1	b1b016891ae4e976d03606dfb2f35f74b03d21cf3ec82832f77f4d113bd622d5	005d1b674bb12719c003652c867486f83a5c860b4beb1016adf17f3c56c2d844	3ebce24ac4d1c620e9dde8c84f0c92fea9cc9e01	https://www.ncbi.nlm.nih.gov/assembly/GCA_046717515.1/
455	500	GCA_050500165.1	SAMN48403360	Neorhizobium sp. IRS_2295	3421959	Neorhizobium sp. IRS_2295	3421959	ASM5050016v1	The University of Adelaide	2025-05-20	selector-v1-reference	OPS	1.0.0	1	b1b016891ae4e976d03606dfb2f35f74b03d21cf3ec82832f77f4d113bd622d5	005d1b674bb12719c003652c867486f83a5c860b4beb1016adf17f3c56c2d844	3ebce24ac4d1c620e9dde8c84f0c92fea9cc9e01	https://www.ncbi.nlm.nih.gov/assembly/GCA_050500165.1/
456	500	GCA_022865125.1	SAMN26884427	Acuticoccus sp. I52.16.1	2928472	Acuticoccus sp. I52.16.1	2928472	ASM2286512v1	First Institute of Oceanography, Ministry of Natural Resources	2022-04-09	selector-v1-reference	OPS	1.0.0	1	b1b016891ae4e976d03606dfb2f35f74b03d21cf3ec82832f77f4d113bd622d5	005d1b674bb12719c003652c867486f83a5c860b4beb1016adf17f3c56c2d844	3ebce24ac4d1c620e9dde8c84f0c92fea9cc9e01	https://www.ncbi.nlm.nih.gov/assembly/GCA_022865125.1/
457	500	GCA_001650235.3	SAMN04849265	Acidithiobacillus caldus	33059	Acidithiobacillus caldus	33059	ASM165023v3	Shandong University	2019-09-06	selector-v1-reference	OPS	1.0.0	1	b1b016891ae4e976d03606dfb2f35f74b03d21cf3ec82832f77f4d113bd622d5	005d1b674bb12719c003652c867486f83a5c860b4beb1016adf17f3c56c2d844	3ebce24ac4d1c620e9dde8c84f0c92fea9cc9e01	https://www.ncbi.nlm.nih.gov/assembly/GCA_001650235.3/
458	500	GCA_050558525.1	SAMN16255547	Enterococcus sp. DIV0236	2774819	Enterococcus sp. DIV0236	2774819	ASM5055852v1	Broad Institute	2025-05-23	selector-v1-reference	OPS	1.0.0	1	b1b016891ae4e976d03606dfb2f35f74b03d21cf3ec82832f77f4d113bd622d5	005d1b674bb12719c003652c867486f83a5c860b4beb1016adf17f3c56c2d844	3ebce24ac4d1c620e9dde8c84f0c92fea9cc9e01	https://www.ncbi.nlm.nih.gov/assembly/GCA_050558525.1/
459	500	GCA_022024335.1	SAMN25525416	Brucella pseudogrignonensis	419475	Brucella pseudogrignonensis	419475	ASM2202433v1	The Independent Schools Foundation Academy	2022-02-07	selector-v1-reference	OPS	1.0.0	1	b1b016891ae4e976d03606dfb2f35f74b03d21cf3ec82832f77f4d113bd622d5	005d1b674bb12719c003652c867486f83a5c860b4beb1016adf17f3c56c2d844	3ebce24ac4d1c620e9dde8c84f0c92fea9cc9e01	https://www.ncbi.nlm.nih.gov/assembly/GCA_022024335.1/
460	500	GCA_000772105.1	SAMN02940924	Vibrio tubiashii ATCC 19109	1051646	Vibrio tubiashii	29498	ASM77210v1	USDA-Agricultural Research Service-Eastern Regional Research Center	2014-11-05	selector-v1-reference	OPS	1.0.0	1	b1b016891ae4e976d03606dfb2f35f74b03d21cf3ec82832f77f4d113bd622d5	005d1b674bb12719c003652c867486f83a5c860b4beb1016adf17f3c56c2d844	3ebce24ac4d1c620e9dde8c84f0c92fea9cc9e01	https://www.ncbi.nlm.nih.gov/assembly/GCA_000772105.1/
461	500	GCA_001465175.1	SAMN04285352	Clostridium butyricum	1492	Clostridium butyricum	1492	ASM146517v1	Anhui University	2015-12-10	selector-v1-reference	OPS	1.0.0	1	b1b016891ae4e976d03606dfb2f35f74b03d21cf3ec82832f77f4d113bd622d5	005d1b674bb12719c003652c867486f83a5c860b4beb1016adf17f3c56c2d844	3ebce24ac4d1c620e9dde8c84f0c92fea9cc9e01	https://www.ncbi.nlm.nih.gov/assembly/GCA_001465175.1/
462	500	GCA_049943125.1	SAMN48002574	Alloiococcus sp. CFN-8	3416081	Alloiococcus sp. CFN-8	3416081	ASM4994312v1	Institute of Microbiology, Chinese Academy of Sciences	2025-04-27	selector-v1-reference	OPS	1.0.0	1	b1b016891ae4e976d03606dfb2f35f74b03d21cf3ec82832f77f4d113bd622d5	005d1b674bb12719c003652c867486f83a5c860b4beb1016adf17f3c56c2d844	3ebce24ac4d1c620e9dde8c84f0c92fea9cc9e01	https://www.ncbi.nlm.nih.gov/assembly/GCA_049943125.1/
463	500	GCA_000521505.1	SAMN02641504	Advenella mimigardefordensis DPN7	1247726	Advenella mimigardefordensis	302406	ASM52150v1	Georg-August-University Goettingen, Genomic and Applied Microbiology, Goettingen Genomics Laboratory	2014-01-22	selector-v1-reference	OPS	1.0.0	1	b1b016891ae4e976d03606dfb2f35f74b03d21cf3ec82832f77f4d113bd622d5	005d1b674bb12719c003652c867486f83a5c860b4beb1016adf17f3c56c2d844	3ebce24ac4d1c620e9dde8c84f0c92fea9cc9e01	https://www.ncbi.nlm.nih.gov/assembly/GCA_000521505.1/
464	500	GCA_018326305.1	SAMD00239550	Vescimonas fastidiosa	2714353	Vescimonas fastidiosa	2714353	ASM1832630v1	RIKEN Baton Zone Program, Benno Laboratory	2021-04-12	selector-v1-reference	OPS	1.0.0	1	b1b016891ae4e976d03606dfb2f35f74b03d21cf3ec82832f77f4d113bd622d5	005d1b674bb12719c003652c867486f83a5c860b4beb1016adf17f3c56c2d844	3ebce24ac4d1c620e9dde8c84f0c92fea9cc9e01	https://www.ncbi.nlm.nih.gov/assembly/GCA_018326305.1/
465	500	GCA_018223845.1	SAMN18805520	Pseudomonas sp. JS425	2829498	Pseudomonas sp. JS425	2829498	ASM1822384v1	Shanghai Jiao Tong University	2021-05-02	selector-v1-reference	OPS	1.0.0	1	b1b016891ae4e976d03606dfb2f35f74b03d21cf3ec82832f77f4d113bd622d5	005d1b674bb12719c003652c867486f83a5c860b4beb1016adf17f3c56c2d844	3ebce24ac4d1c620e9dde8c84f0c92fea9cc9e01	https://www.ncbi.nlm.nih.gov/assembly/GCA_018223845.1/
466	500	GCA_019977335.1	SAMD00283294	Arthrobacter sp. NicSoilB4	2830997	Arthrobacter sp. NicSoilB4	2830997	ASM1997733v1	Research Institute for Sustainable Humanosphere (RISH), Kyoto University	2021-09-02	selector-v1-reference	OPS	1.0.0	1	b1b016891ae4e976d03606dfb2f35f74b03d21cf3ec82832f77f4d113bd622d5	005d1b674bb12719c003652c867486f83a5c860b4beb1016adf17f3c56c2d844	3ebce24ac4d1c620e9dde8c84f0c92fea9cc9e01	https://www.ncbi.nlm.nih.gov/assembly/GCA_019977335.1/
467	500	GCA_008329645.1	SAMN12660232	Mycolicibacterium grossiae	1552759	Mycolicibacterium grossiae	1552759	ASM832964v1	Tongde Hospital of Zhejiang Province	2019-09-08	selector-v1-reference	OPS	1.0.0	1	b1b016891ae4e976d03606dfb2f35f74b03d21cf3ec82832f77f4d113bd622d5	005d1b674bb12719c003652c867486f83a5c860b4beb1016adf17f3c56c2d844	3ebce24ac4d1c620e9dde8c84f0c92fea9cc9e01	https://www.ncbi.nlm.nih.gov/assembly/GCA_008329645.1/
468	500	GCA_025402855.1	SAMN30844988	Enterococcus raffinosus	71452	Enterococcus raffinosus	71452	ASM2540285v1	University of Texas at Dallas	2022-09-26	selector-v1-reference	OPS	1.0.0	1	b1b016891ae4e976d03606dfb2f35f74b03d21cf3ec82832f77f4d113bd622d5	005d1b674bb12719c003652c867486f83a5c860b4beb1016adf17f3c56c2d844	3ebce24ac4d1c620e9dde8c84f0c92fea9cc9e01	https://www.ncbi.nlm.nih.gov/assembly/GCA_025402855.1/
469	500	GCA_002288285.1	SAMN07488776	Sphingobium xenophagum	121428	Sphingobium xenophagum	121428	ASM228828v1	Guangdong Institute of Microbiology	2017-09-08	selector-v1-reference	OPS	1.0.0	1	b1b016891ae4e976d03606dfb2f35f74b03d21cf3ec82832f77f4d113bd622d5	005d1b674bb12719c003652c867486f83a5c860b4beb1016adf17f3c56c2d844	3ebce24ac4d1c620e9dde8c84f0c92fea9cc9e01	https://www.ncbi.nlm.nih.gov/assembly/GCA_002288285.1/
470	500	GCA_001971625.1	SAMN05890481	Brucella sp. 09RB8471	1149952	Brucella sp. 09RB8471	1149952	ASM197162v1	Viginia Tech University	2017-01-26	selector-v1-reference	OPS	1.0.0	1	b1b016891ae4e976d03606dfb2f35f74b03d21cf3ec82832f77f4d113bd622d5	005d1b674bb12719c003652c867486f83a5c860b4beb1016adf17f3c56c2d844	3ebce24ac4d1c620e9dde8c84f0c92fea9cc9e01	https://www.ncbi.nlm.nih.gov/assembly/GCA_001971625.1/
471	500	GCA_028009925.1	SAMN32421893	Tenacibaculum finnmarkense	2781243	Tenacibaculum finnmarkense	2781243	ASM2800992v1	Vancouver Island University	2023-01-26	selector-v1-reference	OPS	1.0.0	1	b1b016891ae4e976d03606dfb2f35f74b03d21cf3ec82832f77f4d113bd622d5	005d1b674bb12719c003652c867486f83a5c860b4beb1016adf17f3c56c2d844	3ebce24ac4d1c620e9dde8c84f0c92fea9cc9e01	https://www.ncbi.nlm.nih.gov/assembly/GCA_028009925.1/
472	500	GCA_000263195.1	SAMN02232019	Emticicia oligotrophica DSM 17448	929562	Emticicia oligotrophica	312279	ASM26319v1	DOE Joint Genome Institute	2012-05-17	selector-v1-reference	OPS	1.0.0	1	b1b016891ae4e976d03606dfb2f35f74b03d21cf3ec82832f77f4d113bd622d5	005d1b674bb12719c003652c867486f83a5c860b4beb1016adf17f3c56c2d844	3ebce24ac4d1c620e9dde8c84f0c92fea9cc9e01	https://www.ncbi.nlm.nih.gov/assembly/GCA_000263195.1/
473	500	GCA_032595855.2	SAMN34060374	Borreliella carolinensis	478174	Borreliella carolinensis	478174	ASM3259585v2	Institute for Genome Sciences	2025-02-27	selector-v1-reference	OPS	1.0.0	1	b1b016891ae4e976d03606dfb2f35f74b03d21cf3ec82832f77f4d113bd622d5	005d1b674bb12719c003652c867486f83a5c860b4beb1016adf17f3c56c2d844	3ebce24ac4d1c620e9dde8c84f0c92fea9cc9e01	https://www.ncbi.nlm.nih.gov/assembly/GCA_032595855.2/
474	500	GCA_051549845.1	SAMN49784649	Mycoplasma sp. 125	3447505	Mycoplasma sp. 125	3447505	ASM5154984v1	Institute of Microbiology	2025-07-28	selector-v1-reference	OPS	1.0.0	1	b1b016891ae4e976d03606dfb2f35f74b03d21cf3ec82832f77f4d113bd622d5	005d1b674bb12719c003652c867486f83a5c860b4beb1016adf17f3c56c2d844	3ebce24ac4d1c620e9dde8c84f0c92fea9cc9e01	https://www.ncbi.nlm.nih.gov/assembly/GCA_051549845.1/
475	500	GCA_000723465.1	SAMEA3139031	Ruminococcus bicirculans (ex Wegman et al. 2014)	1160721	Ruminococcus bicirculans (ex Wegman et al. 2014)	1160721	Rb803	Institute of Food Research	2014-01-06	selector-v1-reference	OPS	1.0.0	1	b1b016891ae4e976d03606dfb2f35f74b03d21cf3ec82832f77f4d113bd622d5	005d1b674bb12719c003652c867486f83a5c860b4beb1016adf17f3c56c2d844	3ebce24ac4d1c620e9dde8c84f0c92fea9cc9e01	https://www.ncbi.nlm.nih.gov/assembly/GCA_000723465.1/
476	500	GCA_029144185.1	SAMN31395825	Vagococcus intermedius	2991418	Vagococcus intermedius	2991418	ASM2914418v1	University of Helsinki	2023-03-10	selector-v1-reference	OPS	1.0.0	1	b1b016891ae4e976d03606dfb2f35f74b03d21cf3ec82832f77f4d113bd622d5	005d1b674bb12719c003652c867486f83a5c860b4beb1016adf17f3c56c2d844	3ebce24ac4d1c620e9dde8c84f0c92fea9cc9e01	https://www.ncbi.nlm.nih.gov/assembly/GCA_029144185.1/
477	500	GCA_021049325.1	SAMN23418789	Curtobacterium sp. C1	2898151	Curtobacterium sp. C1	2898151	ASM2104932v1	Academia Sinica	2021-12-06	selector-v1-reference	OPS	1.0.0	1	b1b016891ae4e976d03606dfb2f35f74b03d21cf3ec82832f77f4d113bd622d5	005d1b674bb12719c003652c867486f83a5c860b4beb1016adf17f3c56c2d844	3ebce24ac4d1c620e9dde8c84f0c92fea9cc9e01	https://www.ncbi.nlm.nih.gov/assembly/GCA_021049325.1/
478	500	GCA_001718415.1	SAMN03449185	Burkholderia pseudomultivorans	1207504	Burkholderia pseudomultivorans	1207504	ASM171841v1	Northern Arizona University	2016-09-02	selector-v1-reference	OPS	1.0.0	1	b1b016891ae4e976d03606dfb2f35f74b03d21cf3ec82832f77f4d113bd622d5	005d1b674bb12719c003652c867486f83a5c860b4beb1016adf17f3c56c2d844	3ebce24ac4d1c620e9dde8c84f0c92fea9cc9e01	https://www.ncbi.nlm.nih.gov/assembly/GCA_001718415.1/
479	500	GCA_028551275.1	SAMN32965199	Sphingomonas hankookensis	563996	Sphingomonas hankookensis	563996	ASM2855127v1	The Independent Schools Foundation Academy	2023-02-08	selector-v1-reference	OPS	1.0.0	1	b1b016891ae4e976d03606dfb2f35f74b03d21cf3ec82832f77f4d113bd622d5	005d1b674bb12719c003652c867486f83a5c860b4beb1016adf17f3c56c2d844	3ebce24ac4d1c620e9dde8c84f0c92fea9cc9e01	https://www.ncbi.nlm.nih.gov/assembly/GCA_028551275.1/
480	500	GCA_007289895.1	SAMN12257642	Catenovulum sediminis	1740262	Catenovulum sediminis	1740262	ASM728989v1	Myongji University	2019-07-23	selector-v1-reference	OPS	1.0.0	1	b1b016891ae4e976d03606dfb2f35f74b03d21cf3ec82832f77f4d113bd622d5	005d1b674bb12719c003652c867486f83a5c860b4beb1016adf17f3c56c2d844	3ebce24ac4d1c620e9dde8c84f0c92fea9cc9e01	https://www.ncbi.nlm.nih.gov/assembly/GCA_007289895.1/
481	500	GCA_044053135.1	SAMN43111093	Levilactobacillus sp. FUA 3915	3411093	Levilactobacillus sp. FUA 3915	3411093	ASM4405313v1	University of Alberta	2024-10-29	selector-v1-reference	OPS	1.0.0	1	b1b016891ae4e976d03606dfb2f35f74b03d21cf3ec82832f77f4d113bd622d5	005d1b674bb12719c003652c867486f83a5c860b4beb1016adf17f3c56c2d844	3ebce24ac4d1c620e9dde8c84f0c92fea9cc9e01	https://www.ncbi.nlm.nih.gov/assembly/GCA_044053135.1/
482	500	GCA_050558105.1	SAMN16255613	Enterococcus sp. DIV0320	2774896	Enterococcus sp. DIV0320	2774896	ASM5055810v1	Broad Institute	2025-05-23	selector-v1-reference	OPS	1.0.0	1	b1b016891ae4e976d03606dfb2f35f74b03d21cf3ec82832f77f4d113bd622d5	005d1b674bb12719c003652c867486f83a5c860b4beb1016adf17f3c56c2d844	3ebce24ac4d1c620e9dde8c84f0c92fea9cc9e01	https://www.ncbi.nlm.nih.gov/assembly/GCA_050558105.1/
483	500	GCA_039725955.1	SAMN24147882	Sinorhizobium sp. B11	2904803	Sinorhizobium sp. B11	2904803	ASM3972595v1	Institute of Microbiology, Heilongjiang Academy of Sciences	2024-05-21	selector-v1-reference	OPS	1.0.0	1	b1b016891ae4e976d03606dfb2f35f74b03d21cf3ec82832f77f4d113bd622d5	005d1b674bb12719c003652c867486f83a5c860b4beb1016adf17f3c56c2d844	3ebce24ac4d1c620e9dde8c84f0c92fea9cc9e01	https://www.ncbi.nlm.nih.gov/assembly/GCA_039725955.1/
484	500	GCA_039621635.1	SAMN41024922	Pantoea sp. BRR-3P	3141541	Pantoea sp. BRR-3P	3141541	ASM3962163v1	National Institute of Agricultural Sciences, Rural Development Administration	2024-05-13	selector-v1-reference	OPS	1.0.0	1	b1b016891ae4e976d03606dfb2f35f74b03d21cf3ec82832f77f4d113bd622d5	005d1b674bb12719c003652c867486f83a5c860b4beb1016adf17f3c56c2d844	3ebce24ac4d1c620e9dde8c84f0c92fea9cc9e01	https://www.ncbi.nlm.nih.gov/assembly/GCA_039621635.1/
485	500	GCA_001936175.1	SAMN04433067	Methylobacterium phyllosphaerae	418223	Methylobacterium phyllosphaerae	418223	ASM193617v1	Chungbuk National University	2017-01-05	selector-v1-reference	OPS	1.0.0	1	b1b016891ae4e976d03606dfb2f35f74b03d21cf3ec82832f77f4d113bd622d5	005d1b674bb12719c003652c867486f83a5c860b4beb1016adf17f3c56c2d844	3ebce24ac4d1c620e9dde8c84f0c92fea9cc9e01	https://www.ncbi.nlm.nih.gov/assembly/GCA_001936175.1/
486	500	GCA_001305595.1	SAMN03993951	Azospirillum thiophilum	528244	Azospirillum thiophilum	528244	ASM130559v1	New England Biolabs	2015-10-02	selector-v1-reference	OPS	1.0.0	1	b1b016891ae4e976d03606dfb2f35f74b03d21cf3ec82832f77f4d113bd622d5	005d1b674bb12719c003652c867486f83a5c860b4beb1016adf17f3c56c2d844	3ebce24ac4d1c620e9dde8c84f0c92fea9cc9e01	https://www.ncbi.nlm.nih.gov/assembly/GCA_001305595.1/
487	500	GCA_018127705.1	SAMN18352202	TM7 phylum sp. oral taxon 349	713051	TM7 phylum sp. oral taxon 349	713051	ASM1812770v1	The Forsyth Institute	2021-04-22	selector-v1-reference	OPS	1.0.0	1	b1b016891ae4e976d03606dfb2f35f74b03d21cf3ec82832f77f4d113bd622d5	005d1b674bb12719c003652c867486f83a5c860b4beb1016adf17f3c56c2d844	3ebce24ac4d1c620e9dde8c84f0c92fea9cc9e01	https://www.ncbi.nlm.nih.gov/assembly/GCA_018127705.1/
488	500	GCA_006542375.1	SAMN11175484	Oecophyllibacter saccharovorans	2558360	Oecophyllibacter saccharovorans	2558360	ASM654237v1	University of Malaya	2019-07-02	selector-v1-reference	OPS	1.0.0	1	b1b016891ae4e976d03606dfb2f35f74b03d21cf3ec82832f77f4d113bd622d5	005d1b674bb12719c003652c867486f83a5c860b4beb1016adf17f3c56c2d844	3ebce24ac4d1c620e9dde8c84f0c92fea9cc9e01	https://www.ncbi.nlm.nih.gov/assembly/GCA_006542375.1/
489	500	GCA_003060825.1	SAMN08934269	Paenibacillus sp. CAA11	1532905	Paenibacillus sp. CAA11	1532905	ASM306082v1	Korea Research Institute of Standards and Science (KRISS)	2018-04-23	selector-v1-reference	OPS	1.0.0	1	b1b016891ae4e976d03606dfb2f35f74b03d21cf3ec82832f77f4d113bd622d5	005d1b674bb12719c003652c867486f83a5c860b4beb1016adf17f3c56c2d844	3ebce24ac4d1c620e9dde8c84f0c92fea9cc9e01	https://www.ncbi.nlm.nih.gov/assembly/GCA_003060825.1/
490	500	GCA_016469055.2	SAMN16276683	Serratia sp. PAMC26656	2775909	Serratia sp. PAMC26656	2775909	SM_Ser_1	Korea University	2025-04-25	selector-v1-reference	OPS	1.0.0	1	b1b016891ae4e976d03606dfb2f35f74b03d21cf3ec82832f77f4d113bd622d5	005d1b674bb12719c003652c867486f83a5c860b4beb1016adf17f3c56c2d844	3ebce24ac4d1c620e9dde8c84f0c92fea9cc9e01	https://www.ncbi.nlm.nih.gov/assembly/GCA_016469055.2/
491	500	GCA_014697215.1	SAMN09531813	Saccharopolyspora pogona	333966	Saccharopolyspora pogona	333966	ASM1469721v1	Hunan Normal University	2020-09-22	selector-v1-reference	OPS	1.0.0	1	b1b016891ae4e976d03606dfb2f35f74b03d21cf3ec82832f77f4d113bd622d5	005d1b674bb12719c003652c867486f83a5c860b4beb1016adf17f3c56c2d844	3ebce24ac4d1c620e9dde8c84f0c92fea9cc9e01	https://www.ncbi.nlm.nih.gov/assembly/GCA_014697215.1/
492	500	GCA_029916965.1	SAMN33944296	Lysinibacillus sp. 1 U-2021	3039426	Lysinibacillus sp. 1 U-2021	3039426	ASM2991696v1	North-West University	2023-05-02	selector-v1-reference	OPS	1.0.0	1	b1b016891ae4e976d03606dfb2f35f74b03d21cf3ec82832f77f4d113bd622d5	005d1b674bb12719c003652c867486f83a5c860b4beb1016adf17f3c56c2d844	3ebce24ac4d1c620e9dde8c84f0c92fea9cc9e01	https://www.ncbi.nlm.nih.gov/assembly/GCA_029916965.1/
493	500	GCA_000968195.1	SAMEA3283113	Xenorhabdus doucetiae	351671	Xenorhabdus doucetiae	351671	ASM96819v1	Genoscope CEA	2014-06-30	selector-v1-reference	OPS	1.0.0	1	b1b016891ae4e976d03606dfb2f35f74b03d21cf3ec82832f77f4d113bd622d5	005d1b674bb12719c003652c867486f83a5c860b4beb1016adf17f3c56c2d844	3ebce24ac4d1c620e9dde8c84f0c92fea9cc9e01	https://www.ncbi.nlm.nih.gov/assembly/GCA_000968195.1/
494	500	GCA_018282115.1	SAMN14786169	Synechocystis sp. PCC 7338	2732530	Synechocystis sp. PCC 7338	2732530	ASM1828211v1	KAIST	2021-05-05	selector-v1-reference	OPS	1.0.0	1	b1b016891ae4e976d03606dfb2f35f74b03d21cf3ec82832f77f4d113bd622d5	005d1b674bb12719c003652c867486f83a5c860b4beb1016adf17f3c56c2d844	3ebce24ac4d1c620e9dde8c84f0c92fea9cc9e01	https://www.ncbi.nlm.nih.gov/assembly/GCA_018282115.1/
495	500	GCA_002028405.1	SAMN06197299	Thiomonas intermedia	926	Thiomonas intermedia	926	ASM202840v1	China University of Petroleum	2017-03-15	selector-v1-reference	OPS	1.0.0	1	b1b016891ae4e976d03606dfb2f35f74b03d21cf3ec82832f77f4d113bd622d5	005d1b674bb12719c003652c867486f83a5c860b4beb1016adf17f3c56c2d844	3ebce24ac4d1c620e9dde8c84f0c92fea9cc9e01	https://www.ncbi.nlm.nih.gov/assembly/GCA_002028405.1/
496	500	GCA_016918765.2	SAMN17612306	Flagellatimonas centrodinii	2806210	Flagellatimonas centrodinii	2806210	ASM1691876v2	Korea Research Institute of Bioscience and Biotechnology	2022-02-23	selector-v1-reference	OPS	1.0.0	1	b1b016891ae4e976d03606dfb2f35f74b03d21cf3ec82832f77f4d113bd622d5	005d1b674bb12719c003652c867486f83a5c860b4beb1016adf17f3c56c2d844	3ebce24ac4d1c620e9dde8c84f0c92fea9cc9e01	https://www.ncbi.nlm.nih.gov/assembly/GCA_016918765.2/
497	500	GCA_023921145.1	SAMN13380509	Clostridium sp. 16K-1-R1	2681265	Clostridium sp. 16K-1-R1	2681265	ASM2392114v1	Ibraki University	2022-06-27	selector-v1-reference	OPS	1.0.0	1	b1b016891ae4e976d03606dfb2f35f74b03d21cf3ec82832f77f4d113bd622d5	005d1b674bb12719c003652c867486f83a5c860b4beb1016adf17f3c56c2d844	3ebce24ac4d1c620e9dde8c84f0c92fea9cc9e01	https://www.ncbi.nlm.nih.gov/assembly/GCA_023921145.1/
498	500	GCA_050821495.1	SAMN40716017	Ottowia caeni	2870339	Ottowia caeni	2870339	O_caeni	Chung-Ang university	2025-06-06	selector-v1-reference	OPS	1.0.0	1	b1b016891ae4e976d03606dfb2f35f74b03d21cf3ec82832f77f4d113bd622d5	005d1b674bb12719c003652c867486f83a5c860b4beb1016adf17f3c56c2d844	3ebce24ac4d1c620e9dde8c84f0c92fea9cc9e01	https://www.ncbi.nlm.nih.gov/assembly/GCA_050821495.1/
499	500	GCA_006742785.1	SAMD00173276	Nitrosomonas stercoris	1444684	Nitrosomonas stercoris	1444684	ASM674278v1	Environmental Microbiology Lab, Department of Chemistry and Life Science, College of Bioresource Sciences, Nihon University	2019-06-21	selector-v1-reference	OPS	1.0.0	1	b1b016891ae4e976d03606dfb2f35f74b03d21cf3ec82832f77f4d113bd622d5	005d1b674bb12719c003652c867486f83a5c860b4beb1016adf17f3c56c2d844	3ebce24ac4d1c620e9dde8c84f0c92fea9cc9e01	https://www.ncbi.nlm.nih.gov/assembly/GCA_006742785.1/
500	500	GCA_030064065.1	SAMN35100922	Rothia sp. SD9660Na	3047030	Rothia sp. SD9660Na	3047030	ASM3006406v1	University of Bern	2023-05-23	selector-v1-reference	OPS	1.0.0	1	b1b016891ae4e976d03606dfb2f35f74b03d21cf3ec82832f77f4d113bd622d5	005d1b674bb12719c003652c867486f83a5c860b4beb1016adf17f3c56c2d844	3ebce24ac4d1c620e9dde8c84f0c92fea9cc9e01	https://www.ncbi.nlm.nih.gov/assembly/GCA_030064065.1/
